1.00,0.01,-0.00,0.00,0.00,0.00,0.00,0.00
1.00,0.01,-0.00,0.00,0.00,0.00,0.00,0.00
1.00,0.01,-0.00,0.00,0.00,0.00,0.00,0.00
1.00,0.01,-0.00,0.00,0.00,0.00,0.00,0.00
1.00,0.01,-0.00,0.00,0.00,0.00,0.00,0.00
1.00,0.01,-0.01,0.00,0.00,0.00,0.00,0.00
1.00,0.00,-0.01,0.00,0.00,0.00,0.00,0.00
1.00,0.00,-0.01,0.00,0.00,0.00,0.00,0.00
1.00,0.00,-0.01,0.00,0.00,0.00,0.00,0.00
1.00,0.00,-0.01,0.00,0.00,0.00,0.00,0.00
1.00,0.00,-0.01,0.00,0.00,0.00,0.00,0.00
1.00,0.00,-0.01,0.01,0.00,0.00,0.00,0.00
1.00,0.00,-0.01,0.01,0.00,0.00,0.00,0.00
1.00,0.00,-0.01,0.01,0.00,0.00,0.00,0.00
1.00,0.00,-0.01,0.01,0.00,0.00,0.00,0.00
1.00,0.00,-0.01,0.01,0.00,0.00,0.00,0.00
1.00,0.00,-0.01,0.01,0.00,0.00,0.00,0.00
1.00,0.00,-0.01,0.01,0.00,0.00,0.00,0.00
1.00,0.00,-0.01,0.01,0.00,0.00,0.00,0.00
1.00,0.00,-0.01,0.01,0.00,0.00,0.00,0.00
1.00,0.00,-0.01,0.01,0.00,0.00,0.00,0.00
1.00,0.00,-0.02,0.01,0.00,0.00,0.00,0.00
1.00,0.00,-0.02,0.01,0.00,0.00,0.00,0.00
1.00,0.00,-0.02,0.01,0.00,0.00,0.00,0.00
1.00,0.00,-0.02,0.01,0.00,0.00,0.00,0.00
1.00,0.00,-0.02,0.01,0.00,0.00,0.00,0.00
1.00,-0.00,-0.02,0.01,0.00,0.00,0.00,0.00
1.00,-0.00,-0.02,0.01,0.00,0.00,0.00,0.00
1.00,-0.00,-0.02,0.01,0.00,0.00,0.00,0.00
1.00,-0.00,-0.02,0.01,0.00,0.00,0.00,0.00
1.00,-0.00,-0.02,0.01,0.00,0.00,0.00,0.00
1.00,-0.00,-0.02,0.01,0.00,0.00,0.00,0.00
1.00,-0.00,-0.02,0.01,0.00,0.00,0.00,0.00
1.00,-0.00,-0.02,0.01,0.00,0.00,0.00,0.00
1.00,-0.00,-0.02,0.01,0.00,0.00,0.00,0.00
1.00,-0.00,-0.02,0.01,0.00,0.00,0.00,0.00
1.00,-0.00,-0.02,0.01,0.00,0.00,0.00,0.00
1.00,-0.00,-0.02,0.02,0.00,0.00,0.00,0.00
1.00,-0.00,-0.02,0.02,0.00,0.00,0.00,0.00
1.00,-0.00,-0.02,0.02,0.00,0.00,0.00,0.00
1.00,-0.00,-0.02,0.02,0.00,0.00,0.00,0.00
1.00,-0.00,-0.02,0.02,0.00,0.00,0.00,0.00
1.00,-0.00,-0.02,0.02,0.00,0.00,0.00,0.00
1.00,-0.00,-0.02,0.02,0.00,0.00,0.00,0.00
1.00,-0.00,-0.02,0.02,0.00,0.00,0.00,0.00
1.00,-0.00,-0.02,0.02,0.00,0.00,0.00,0.00
1.00,-0.00,-0.02,0.02,0.00,0.00,0.00,0.00
1.00,-0.00,-0.02,0.02,0.00,0.00,0.00,0.00
1.00,-0.00,-0.02,0.02,0.00,0.00,0.00,0.00
1.00,-0.00,-0.02,0.02,0.00,0.00,0.00,0.00
1.00,-0.00,-0.02,0.02,0.00,0.00,0.00,0.00
1.00,-0.00,-0.02,0.02,0.00,0.00,0.00,0.00
1.00,-0.00,-0.02,0.02,0.00,0.00,0.00,0.00
1.00,-0.00,-0.02,0.02,0.00,0.00,0.00,0.00
1.00,-0.00,-0.02,0.02,0.00,0.00,0.00,0.00
1.00,-0.00,-0.02,0.02,0.00,0.00,0.00,0.00
1.00,-0.00,-0.02,0.02,0.00,0.00,0.00,0.00
1.00,-0.00,-0.02,0.02,0.00,0.00,0.00,0.00
1.00,-0.00,-0.02,0.02,0.00,0.00,0.00,0.00
1.00,-0.00,-0.02,0.02,0.00,0.00,0.00,0.00
1.00,-0.00,-0.02,0.02,0.00,0.00,0.00,0.00
1.00,-0.00,-0.02,0.02,0.00,0.00,0.00,0.00
1.00,-0.00,-0.02,0.02,0.00,0.00,0.00,0.00
1.00,-0.00,-0.02,0.02,0.00,0.00,0.00,0.00
1.00,-0.00,-0.02,0.03,0.00,0.00,0.00,0.00
1.00,-0.00,-0.03,0.03,0.00,0.00,0.00,0.00
1.00,-0.00,-0.03,0.03,0.00,0.00,0.00,0.00
1.00,-0.00,-0.03,0.03,0.00,0.00,0.00,0.00
1.00,-0.00,-0.03,0.03,0.00,0.00,0.00,0.00
1.00,-0.00,-0.03,0.03,0.00,0.00,0.00,0.00
1.00,-0.00,-0.03,0.03,0.00,0.00,0.00,0.00
1.00,-0.00,-0.03,0.03,0.00,0.00,0.00,0.00
1.00,-0.00,-0.03,0.03,0.00,0.00,0.00,0.00
1.00,-0.00,-0.03,0.03,0.00,0.00,0.00,0.00
1.00,-0.00,-0.03,0.03,0.00,0.00,0.00,0.00
1.00,-0.00,-0.03,0.03,0.00,0.00,0.00,0.00
1.00,-0.00,-0.03,0.03,0.00,0.00,0.00,0.00
1.00,-0.00,-0.03,0.03,0.00,0.00,0.00,0.00
1.00,-0.00,-0.03,0.03,0.00,0.00,0.00,0.00
1.00,-0.00,-0.03,0.03,0.00,0.00,0.00,0.00
1.00,-0.00,-0.03,0.03,0.00,0.00,0.00,0.00
1.00,-0.00,-0.03,0.03,0.00,0.00,0.00,0.00
1.00,-0.00,-0.03,0.03,0.00,0.00,0.00,0.00
1.00,-0.00,-0.03,0.03,0.00,0.00,0.00,0.00
1.00,-0.00,-0.03,0.03,0.00,0.00,0.00,0.00
1.00,-0.00,-0.03,0.03,0.00,0.00,0.00,0.00
1.00,-0.00,-0.03,0.03,0.00,0.00,0.00,0.00
1.00,-0.00,-0.03,0.03,0.00,0.00,0.00,0.00
1.00,-0.00,-0.03,0.03,0.00,0.00,0.00,0.00
1.00,-0.00,-0.03,0.03,0.00,0.00,0.00,0.00
1.00,-0.00,-0.03,0.03,0.00,0.00,0.00,0.00
1.00,-0.00,-0.03,0.04,0.00,0.00,0.00,0.00
1.00,-0.00,-0.03,0.04,0.00,0.00,0.00,0.00
1.00,-0.00,-0.03,0.04,0.00,0.00,0.00,0.00
1.00,-0.00,-0.03,0.04,0.00,0.00,0.00,0.00
1.00,-0.00,-0.03,0.04,0.00,0.00,0.00,0.00
1.00,-0.00,-0.03,0.04,0.00,0.00,0.00,0.00
1.00,-0.00,-0.03,0.04,0.00,0.00,0.00,0.00
1.00,-0.00,-0.03,0.04,0.00,0.00,0.00,0.00
1.00,-0.00,-0.03,0.04,0.00,0.00,0.00,0.00
1.00,-0.00,-0.03,0.04,0.00,0.00,0.00,0.00
1.00,-0.00,-0.03,0.04,0.00,0.00,0.00,0.00
1.00,-0.00,-0.03,0.04,0.00,0.00,0.00,0.00
1.00,-0.00,-0.03,0.04,0.00,0.00,0.00,0.00
1.00,-0.00,-0.03,0.04,0.00,0.00,0.00,0.00
1.00,-0.00,-0.03,0.04,0.00,0.00,0.00,0.00
1.00,-0.00,-0.03,0.04,0.00,0.00,0.00,0.00
1.00,-0.00,-0.03,0.04,0.00,0.00,0.00,0.00
1.00,-0.00,-0.03,0.04,0.00,0.00,0.00,0.00
1.00,-0.00,-0.03,0.04,0.00,0.00,0.00,0.00
1.00,-0.00,-0.03,0.04,0.00,0.00,0.00,0.00
1.00,-0.00,-0.03,0.04,0.00,0.00,0.00,0.00
1.00,-0.00,-0.03,0.04,0.00,0.00,0.00,0.00
1.00,-0.00,-0.03,0.04,0.00,0.00,0.00,0.00
1.00,-0.00,-0.03,0.04,0.00,0.00,0.00,0.00
1.00,-0.00,-0.03,0.04,0.00,0.00,0.00,0.00
1.00,-0.00,-0.03,0.04,0.00,0.00,0.00,0.00
1.00,-0.00,-0.03,0.04,0.00,0.00,0.00,0.00
1.00,-0.00,-0.03,0.04,0.00,0.00,0.00,0.00
1.00,-0.00,-0.03,0.05,0.00,0.00,0.00,0.00
1.00,-0.00,-0.03,0.05,0.00,0.00,0.00,0.00
1.00,-0.00,-0.03,0.05,0.00,0.00,0.00,0.00
1.00,-0.00,-0.03,0.05,0.00,0.00,0.00,0.00
1.00,-0.00,-0.03,0.05,0.00,0.00,0.00,0.00
1.00,-0.00,-0.03,0.05,0.00,0.00,0.00,0.00
1.00,-0.00,-0.03,0.05,0.00,0.00,0.00,0.00
1.00,-0.00,-0.03,0.05,0.00,0.00,0.00,0.00
1.00,-0.00,-0.03,0.05,0.00,0.00,0.00,0.00
1.00,-0.00,-0.03,0.05,0.00,0.00,0.00,0.00
1.00,-0.00,-0.03,0.05,0.00,0.00,0.00,0.00
1.00,-0.00,-0.03,0.05,0.00,0.00,0.00,0.00
1.00,-0.00,-0.03,0.05,0.00,0.00,0.00,0.00
1.00,-0.00,-0.03,0.05,0.00,0.00,0.00,0.00
1.00,-0.00,-0.03,0.05,0.00,0.00,0.00,0.00
1.00,-0.00,-0.03,0.05,0.00,0.00,0.00,0.00
1.00,-0.00,-0.03,0.07,0.00,0.00,0.00,0.00
1.00,-0.00,-0.03,0.07,0.00,0.00,0.00,0.00
1.00,-0.00,-0.03,0.07,0.00,0.00,0.00,0.00
1.00,-0.00,-0.03,0.07,0.00,0.00,0.00,0.00
1.00,-0.00,-0.03,0.07,0.00,0.00,0.00,0.00
1.00,-0.00,-0.03,0.07,0.00,0.00,0.00,0.00
1.00,-0.00,-0.03,0.07,0.00,0.00,0.00,0.00
1.00,-0.00,-0.03,0.07,0.00,0.00,0.00,0.00
1.00,-0.00,-0.03,0.07,0.00,0.00,0.00,0.00
1.00,-0.00,-0.03,0.07,0.00,0.00,0.00,0.00
1.00,-0.00,-0.03,0.07,0.00,0.00,0.00,0.00
1.00,-0.00,-0.03,0.07,0.00,0.00,0.00,0.00
1.00,-0.00,-0.03,0.07,0.00,0.00,0.00,0.00
1.00,-0.00,-0.03,0.07,0.00,0.00,0.00,0.00
1.00,-0.00,-0.03,0.07,0.00,0.00,0.00,0.00
1.00,-0.00,-0.03,0.07,0.00,0.00,0.00,0.00
1.00,-0.00,-0.03,0.07,0.00,0.00,0.00,0.00
1.00,-0.00,-0.03,0.07,0.00,0.00,0.00,0.00
1.00,-0.00,-0.03,0.07,0.00,0.00,0.00,0.00
1.00,-0.00,-0.03,0.07,0.00,0.00,0.00,0.00
1.00,-0.00,-0.03,0.07,0.00,0.00,0.00,0.00
1.00,-0.00,-0.03,0.07,0.00,0.00,0.00,0.00
1.00,-0.00,-0.03,0.07,0.00,0.00,0.00,0.00
1.00,-0.00,-0.03,0.07,0.00,0.00,0.00,0.00
1.00,-0.00,-0.03,0.08,0.00,0.00,0.00,0.00
1.00,-0.00,-0.03,0.08,0.00,0.00,0.00,0.00
1.00,-0.00,-0.03,0.08,0.00,0.00,0.00,0.00
1.00,-0.00,-0.03,0.08,0.00,0.00,0.00,0.00
1.00,-0.00,-0.03,0.08,0.00,0.00,0.00,0.00
1.00,-0.00,-0.03,0.08,0.00,0.00,0.00,0.00
1.00,-0.00,-0.03,0.08,0.00,0.00,0.00,0.00
1.00,-0.00,-0.03,0.08,0.00,0.00,0.00,0.00
1.00,-0.00,-0.03,0.08,0.00,0.00,0.00,0.00
1.00,-0.00,-0.03,0.08,0.00,0.00,0.00,0.00
1.00,-0.00,-0.03,0.08,0.00,0.00,0.00,0.00
1.00,-0.00,-0.03,0.08,0.00,0.00,0.00,0.00
1.00,-0.00,-0.03,0.08,0.00,0.00,0.00,0.00
1.00,-0.00,-0.03,0.08,0.00,0.00,0.00,0.00
1.00,-0.00,-0.03,0.08,0.00,0.00,0.00,0.00
1.00,-0.00,-0.03,0.08,0.00,0.00,0.00,0.00
1.00,-0.00,-0.03,0.08,0.00,0.00,0.00,0.00
1.00,-0.00,-0.03,0.08,0.00,0.00,0.00,0.00
1.00,-0.00,-0.03,0.08,0.00,0.00,0.00,0.00
1.00,-0.00,-0.03,0.08,0.00,0.00,0.00,0.00
1.00,-0.00,-0.03,0.08,0.00,0.00,0.00,0.00
1.00,-0.00,-0.03,0.08,0.00,0.00,0.00,0.00
1.00,-0.00,-0.03,0.08,0.00,0.00,0.00,0.00
1.00,-0.00,-0.03,0.08,0.00,0.00,0.00,0.00
1.00,-0.00,-0.03,0.08,0.00,0.00,0.00,0.00
1.00,-0.00,-0.03,0.08,0.00,0.00,0.00,0.00
1.00,-0.00,-0.03,0.08,0.00,0.00,0.00,0.00
1.00,-0.00,-0.03,0.08,0.00,0.00,0.00,0.00
1.00,-0.00,-0.03,0.09,0.00,0.00,0.00,0.00
1.00,-0.00,-0.03,0.09,0.00,0.00,0.00,0.00
1.00,-0.00,-0.03,0.09,0.00,0.00,0.00,0.00
1.00,-0.00,-0.03,0.09,0.00,0.00,0.00,0.00
1.00,-0.00,-0.03,0.09,0.00,0.00,0.00,0.00
1.00,-0.00,-0.03,0.09,0.00,0.00,0.00,0.00
1.00,-0.00,-0.03,0.09,0.00,0.00,0.00,0.00
1.00,-0.00,-0.03,0.09,0.00,0.00,0.00,0.00
1.00,-0.00,-0.03,0.09,0.00,0.00,0.00,0.00
1.00,-0.00,-0.03,0.09,0.00,0.00,0.00,0.00
1.00,-0.00,-0.03,0.09,0.00,0.00,0.00,0.00
1.00,-0.00,-0.03,0.09,0.00,0.00,0.00,0.00
1.00,-0.00,-0.03,0.09,0.00,0.00,0.00,0.00
1.00,-0.00,-0.03,0.09,0.00,0.00,0.00,0.00
1.00,-0.00,-0.03,0.09,0.00,0.00,0.00,0.00
1.00,-0.00,-0.03,0.09,0.00,0.00,0.00,0.00
1.00,-0.00,-0.03,0.09,0.00,0.00,0.00,0.00
1.00,-0.00,-0.03,0.09,0.00,0.00,0.00,0.00
1.00,-0.00,-0.03,0.09,0.00,0.00,0.00,0.00
1.00,-0.00,-0.03,0.09,0.00,0.00,0.00,0.00
1.00,-0.00,-0.03,0.09,0.00,0.00,0.00,0.00
1.00,-0.00,-0.03,0.09,0.00,0.00,0.00,0.00
1.00,-0.00,-0.03,0.09,0.00,0.00,0.00,0.00
1.00,-0.00,-0.03,0.09,0.00,0.00,0.00,0.00
1.00,-0.00,-0.03,0.09,0.00,0.00,0.00,0.00
1.00,-0.00,-0.03,0.09,0.00,0.00,0.00,0.00
1.00,-0.00,-0.03,0.09,0.00,0.00,0.00,0.00
1.00,-0.00,-0.03,0.10,0.00,0.00,0.00,0.00
1.00,-0.00,-0.03,0.10,0.00,0.00,0.00,0.00
1.00,-0.00,-0.03,0.10,0.00,0.00,0.00,0.00
1.00,-0.00,-0.03,0.10,0.00,0.00,0.00,0.00
0.99,-0.00,-0.03,0.10,0.00,0.00,0.00,0.00
0.99,-0.00,-0.03,0.10,0.00,0.00,0.00,0.00
0.99,-0.00,-0.03,0.10,0.00,0.00,0.00,0.00
0.99,-0.00,-0.03,0.10,0.00,0.00,0.00,0.00
0.99,-0.00,-0.03,0.10,0.00,0.00,0.00,0.00
0.99,-0.00,-0.03,0.10,0.00,0.00,0.00,0.00
0.99,-0.00,-0.03,0.10,0.00,0.00,0.00,0.00
0.99,-0.00,-0.03,0.10,0.00,0.00,0.00,0.00
0.99,-0.00,-0.03,0.10,0.00,0.00,0.00,0.00
0.99,-0.00,-0.03,0.10,0.00,0.00,0.00,0.00
0.99,-0.00,-0.03,0.10,0.00,0.00,0.00,0.00
0.99,-0.00,-0.03,0.10,0.00,0.00,0.00,0.00
0.99,-0.00,-0.03,0.10,0.00,0.00,0.00,0.00
0.99,-0.00,-0.03,0.10,0.00,0.00,0.00,0.00
0.99,-0.00,-0.03,0.10,0.00,0.00,0.00,0.00
0.99,-0.00,-0.03,0.10,0.00,0.00,0.00,0.00
0.99,-0.00,-0.03,0.10,0.00,0.00,0.00,0.00
0.99,-0.00,-0.03,0.10,0.00,0.00,0.00,0.00
0.99,-0.00,-0.03,0.10,0.00,0.00,0.00,0.00
0.99,-0.00,-0.03,0.10,0.00,0.00,0.00,0.00
0.99,-0.00,-0.03,0.10,0.00,0.00,0.00,0.00
0.99,-0.00,-0.03,0.10,0.00,0.00,0.00,0.00
0.99,0.00,-0.03,0.10,0.00,0.00,0.00,0.00
0.99,0.00,-0.03,0.10,0.00,0.00,0.00,0.00
0.99,0.00,-0.03,0.10,0.00,0.00,0.00,0.00
0.99,0.00,-0.03,0.10,0.00,0.00,0.00,0.00
0.99,0.00,-0.03,0.10,0.00,0.00,0.00,0.00
0.99,0.00,-0.03,0.10,0.00,0.00,0.00,0.00
0.99,0.00,-0.03,0.10,0.00,0.00,0.00,0.00
0.99,0.01,-0.03,0.10,0.00,0.00,0.00,0.00
0.99,0.01,-0.03,0.10,0.00,0.00,0.00,0.00
0.99,0.01,-0.03,0.10,0.00,0.00,0.00,0.00
0.99,0.01,-0.03,0.10,0.00,0.00,0.00,0.00
0.99,0.01,-0.03,0.10,0.00,0.00,0.00,0.00
0.99,0.01,-0.03,0.10,0.00,0.00,0.00,0.00
0.99,0.01,-0.03,0.10,0.00,0.00,0.00,0.00
0.99,0.01,-0.03,0.10,0.00,0.00,0.00,0.00
0.99,0.01,-0.03,0.10,0.00,0.00,0.00,0.00
0.99,0.01,-0.03,0.10,0.00,0.00,0.00,0.00
0.99,0.01,-0.03,0.10,0.00,0.00,0.00,0.00
0.99,0.01,-0.03,0.10,0.00,0.00,0.00,0.00
0.99,0.01,-0.03,0.10,0.00,0.00,0.00,0.00
0.99,0.01,-0.03,0.10,0.00,0.00,0.00,0.00
0.99,0.01,-0.03,0.10,0.00,0.00,0.00,0.00
0.99,0.01,-0.03,0.10,0.00,0.00,0.00,0.00
0.99,0.01,-0.03,0.10,0.00,0.00,0.00,0.00
0.99,0.01,-0.03,0.10,0.00,0.00,0.00,0.00
0.99,0.01,-0.03,0.10,0.00,0.00,0.00,0.00
0.99,0.01,-0.03,0.10,0.00,0.00,0.00,0.00
0.99,0.01,-0.03,0.10,0.00,0.00,0.00,0.00
0.99,0.01,-0.03,0.10,0.00,0.00,0.00,0.00
0.99,0.01,-0.03,0.10,0.00,0.00,0.00,0.00
0.99,0.01,-0.03,0.10,0.00,0.00,0.00,0.00
0.99,0.01,-0.03,0.10,0.00,0.00,0.00,0.00
0.99,0.01,-0.03,0.10,0.00,0.00,0.00,0.00
0.99,0.02,-0.03,0.10,0.00,0.00,0.00,0.00
0.99,0.02,-0.03,0.10,0.00,0.00,0.00,0.00
0.99,0.02,-0.03,0.10,0.00,0.00,0.00,0.00
0.99,0.02,-0.03,0.10,0.00,0.00,0.00,0.00
0.99,0.02,-0.03,0.10,0.00,0.00,0.00,0.00
0.99,0.02,-0.03,0.10,0.00,0.00,0.00,0.00
0.99,0.02,-0.03,0.10,0.00,0.00,0.00,0.00
0.99,0.02,-0.03,0.10,0.00,0.00,0.00,0.00
0.99,0.02,-0.03,0.10,0.00,0.00,0.00,0.00
0.99,0.02,-0.03,0.10,0.00,0.00,0.00,0.00
0.99,0.02,-0.04,0.10,0.00,0.00,0.00,0.00
0.99,0.02,-0.04,0.10,0.00,0.00,0.00,0.00
0.99,0.02,-0.04,0.10,0.00,0.00,0.00,0.00
0.99,0.02,-0.04,0.10,0.00,0.00,0.00,0.00
0.99,0.02,-0.04,0.10,0.00,0.00,0.00,0.00
0.99,0.02,-0.04,0.10,0.00,0.00,0.00,0.00
0.99,0.02,-0.04,0.10,0.00,0.00,0.00,0.00
0.99,0.02,-0.04,0.10,0.00,0.00,0.00,0.00
0.99,0.02,-0.04,0.10,0.00,0.00,0.00,0.00
0.99,0.02,-0.04,0.10,0.00,0.00,0.00,0.00
0.99,0.02,-0.04,0.10,0.00,0.00,0.00,0.00
0.99,0.02,-0.04,0.10,0.00,0.00,0.00,0.00
0.99,0.02,-0.04,0.10,0.00,0.00,0.00,0.00
0.99,0.02,-0.04,0.10,0.00,0.00,0.00,0.00
0.99,0.02,-0.04,0.10,0.00,0.00,0.00,0.00
0.99,0.02,-0.04,0.10,0.00,0.00,0.00,0.00
0.99,0.02,-0.04,0.10,0.00,0.00,0.00,0.00
0.99,0.02,-0.04,0.10,0.00,0.00,0.00,0.00
0.99,0.02,-0.04,0.10,0.00,0.00,0.00,0.00
0.99,0.02,-0.04,0.10,0.00,0.00,0.00,0.00
0.99,0.02,-0.04,0.10,0.00,0.00,0.00,0.00
0.99,0.02,-0.04,0.10,0.00,0.00,0.00,0.00
0.99,0.02,-0.04,0.10,0.00,0.00,0.00,0.00
0.99,0.02,-0.04,0.10,0.00,0.00,0.00,0.00
0.99,0.02,-0.04,0.10,0.00,0.00,0.00,0.00
0.99,0.02,-0.04,0.10,0.00,0.00,0.00,0.00
0.99,0.02,-0.04,0.10,0.00,0.00,0.00,0.00
0.99,0.02,-0.04,0.10,0.00,0.00,0.00,0.00
0.99,0.02,-0.04,0.10,0.00,0.00,0.00,0.00
0.99,0.02,-0.04,0.10,0.00,0.00,0.00,0.00
0.99,0.02,-0.04,0.10,0.00,0.00,0.00,0.00
0.99,0.02,-0.04,0.10,0.00,0.00,0.00,0.00
0.99,0.02,-0.04,0.10,0.00,0.00,0.00,0.00
0.99,0.02,-0.04,0.10,0.00,0.00,0.00,0.00
0.99,0.02,-0.04,0.10,0.00,0.00,0.00,0.00
0.99,0.02,-0.04,0.10,0.00,0.00,0.00,0.00
0.99,0.02,-0.04,0.10,0.00,0.00,0.00,0.00
0.99,0.02,-0.04,0.10,0.00,0.00,0.00,0.00
0.99,0.02,-0.04,0.10,0.00,0.00,0.00,0.00
0.99,0.02,-0.04,0.10,0.00,0.00,0.00,0.00
0.99,0.02,-0.04,0.10,0.00,0.00,0.00,0.00
0.99,0.02,-0.04,0.10,0.00,0.00,0.00,0.00
0.99,0.02,-0.04,0.10,0.00,0.00,0.00,0.00
0.99,0.02,-0.04,0.10,0.00,0.00,0.00,0.00
0.99,0.02,-0.04,0.10,0.00,0.00,0.00,0.00
0.99,0.02,-0.04,0.10,0.00,0.00,0.00,0.00
0.99,0.02,-0.04,0.10,0.00,0.00,0.00,0.00
0.99,0.02,-0.04,0.10,0.00,0.00,0.00,0.00
0.99,0.02,-0.04,0.10,0.00,0.00,0.00,0.00
0.99,0.02,-0.04,0.10,0.00,0.00,0.00,0.00
0.99,0.02,-0.04,0.10,0.00,0.00,0.00,0.00
0.99,0.02,-0.04,0.10,0.00,0.00,0.00,0.00
0.99,0.02,-0.04,0.10,0.00,0.00,0.00,0.00
0.99,0.02,-0.04,0.10,0.00,0.00,0.00,0.00
0.99,0.02,-0.04,0.10,0.00,0.00,0.00,0.00
0.99,0.02,-0.04,0.10,0.00,0.00,0.00,0.00
0.99,0.02,-0.04,0.10,0.00,0.00,0.00,0.00
0.99,0.02,-0.04,0.10,0.00,0.00,0.00,0.00
0.99,0.02,-0.04,0.10,0.00,0.00,0.00,0.00
0.99,0.02,-0.04,0.10,0.00,0.00,0.00,0.00
0.99,0.02,-0.04,0.10,0.00,0.00,0.00,0.00
0.99,0.02,-0.04,0.10,0.00,0.00,0.00,0.00
0.99,0.02,-0.04,0.10,0.00,0.00,0.00,0.00
0.99,0.02,-0.04,0.10,0.00,0.00,0.00,0.00
0.99,0.02,-0.04,0.10,0.00,0.00,0.00,0.00
0.99,0.02,-0.04,0.10,0.00,0.00,0.00,0.00
0.99,0.02,-0.04,0.10,0.00,0.00,0.00,0.00
0.99,0.02,-0.04,0.10,0.00,0.00,0.00,0.00
0.99,0.02,-0.04,0.10,0.00,0.00,0.00,0.00
0.99,0.02,-0.04,0.10,0.00,0.00,0.00,0.00
0.99,0.02,-0.04,0.10,0.00,0.00,0.00,0.00
0.99,0.02,-0.04,0.10,0.00,0.00,0.00,0.00
0.99,0.02,-0.04,0.10,0.00,0.00,0.00,0.00
0.99,0.02,-0.04,0.10,0.00,0.00,0.00,0.00
0.99,0.02,-0.04,0.10,0.00,0.00,0.00,0.00
0.99,0.02,-0.04,0.10,0.00,0.00,0.00,0.00
0.99,0.02,-0.04,0.10,0.00,0.00,0.00,0.00
0.99,0.02,-0.04,0.10,0.00,0.00,0.00,0.00
0.99,0.02,-0.04,0.10,0.00,0.00,0.00,0.00
0.99,0.02,-0.04,0.10,0.00,0.00,0.00,0.00
0.99,0.02,-0.04,0.10,0.00,0.00,0.00,0.00
0.99,0.02,-0.04,0.10,0.00,0.00,0.00,0.00
0.99,0.02,-0.04,0.10,0.00,0.00,0.00,0.00
0.99,0.02,-0.04,0.10,0.00,0.00,0.00,0.00
0.99,0.02,-0.04,0.10,0.00,0.00,0.00,0.00
0.99,0.02,-0.04,0.10,0.00,0.00,0.00,0.00
0.99,0.02,-0.04,0.10,0.00,0.00,0.00,0.00
0.99,0.02,-0.04,0.10,0.00,0.00,0.00,0.00
0.99,0.02,-0.04,0.10,0.00,0.00,0.00,0.00
0.99,0.02,-0.04,0.10,0.00,0.00,0.00,0.00
0.99,0.02,-0.04,0.10,0.00,0.00,0.00,0.00
0.99,0.02,-0.04,0.10,0.00,0.00,0.00,0.00
0.99,0.02,-0.04,0.10,0.00,0.00,0.00,0.00
0.99,0.02,-0.04,0.10,0.00,0.00,0.00,0.00
0.99,0.02,-0.04,0.10,0.00,0.00,0.00,0.00
0.99,0.02,-0.04,0.10,0.00,0.00,0.00,0.00
0.99,0.02,-0.04,0.10,0.00,0.00,0.00,0.00
0.99,0.02,-0.04,0.10,0.00,0.00,0.00,0.00
0.99,0.02,-0.04,0.10,0.00,0.00,0.00,0.00
0.99,0.02,-0.04,0.10,0.00,0.00,0.00,0.00
0.99,0.02,-0.04,0.10,0.00,0.00,0.00,0.00
0.99,0.02,-0.04,0.10,0.00,0.00,0.00,0.00
0.99,0.02,-0.04,0.10,0.00,0.00,0.00,0.00
0.99,0.02,-0.04,0.10,0.00,0.00,0.00,0.00
0.99,0.02,-0.04,0.10,0.00,0.00,0.00,0.00
0.99,0.02,-0.04,0.10,0.00,0.00,0.00,0.00
0.99,0.02,-0.04,0.10,0.00,0.00,0.00,0.00
0.99,0.02,-0.04,0.10,0.00,0.00,0.00,0.00
0.99,0.02,-0.04,0.10,0.00,0.00,0.00,0.00
0.99,0.02,-0.04,0.10,0.00,0.00,0.00,0.00
0.99,0.02,-0.04,0.10,0.00,0.00,0.00,0.00
0.99,0.02,-0.04,0.10,0.00,0.00,0.00,0.00
0.99,0.02,-0.04,0.10,0.00,0.00,0.00,0.00
0.99,0.02,-0.04,0.10,0.00,0.00,0.00,0.00
0.99,0.02,-0.04,0.10,0.00,0.00,0.00,0.00
0.99,0.02,-0.04,0.10,0.00,0.00,0.00,0.00
0.99,0.02,-0.04,0.10,0.00,0.00,0.00,0.00
0.99,0.02,-0.04,0.10,0.00,0.00,0.00,0.00
0.99,0.02,-0.04,0.10,0.00,0.00,0.00,0.00
0.99,0.02,-0.04,0.10,0.00,0.00,0.00,0.00
0.99,0.02,-0.04,0.10,0.00,0.00,0.00,0.00
0.99,0.02,-0.04,0.10,0.00,0.00,0.00,0.00
0.99,0.02,-0.04,0.10,0.00,0.00,0.00,0.00
0.99,0.02,-0.04,0.10,0.00,0.00,0.00,0.00
0.99,0.02,-0.04,0.10,0.00,0.00,0.00,0.00
0.99,0.02,-0.04,0.10,0.00,0.00,0.00,0.00
0.99,0.02,-0.04,0.10,0.00,0.00,0.00,0.00
0.99,0.02,-0.04,0.10,0.00,0.00,0.00,0.00
0.99,0.02,-0.04,0.10,0.00,0.00,0.00,0.00
0.99,0.02,-0.04,0.10,0.00,0.00,0.00,0.00
0.99,0.02,-0.04,0.10,0.00,0.00,0.00,0.00
0.99,0.02,-0.04,0.10,0.00,0.00,0.00,0.00
0.99,0.02,-0.04,0.10,0.00,0.00,0.00,0.00
0.99,0.02,-0.04,0.10,0.00,0.00,0.00,0.00
0.99,0.02,-0.04,0.10,0.00,0.00,0.00,0.00
0.99,0.02,-0.04,0.10,0.00,0.00,0.00,0.00
0.99,0.02,-0.04,0.10,0.00,0.00,0.00,0.00
0.99,0.02,-0.04,0.10,0.00,0.00,0.00,0.00
0.99,0.02,-0.04,0.10,0.00,0.00,0.00,0.00
0.99,0.02,-0.04,0.10,0.00,0.00,0.00,0.00
0.99,0.02,-0.04,0.10,0.00,0.00,0.00,0.00
0.99,0.02,-0.04,0.10,0.00,0.00,0.00,0.00
0.99,0.02,-0.04,0.10,0.00,0.00,0.00,0.00
0.99,0.02,-0.04,0.10,0.00,0.00,0.00,0.00
0.99,0.02,-0.04,0.10,0.00,0.00,0.00,0.00
0.99,0.02,-0.04,0.10,0.00,0.00,0.00,0.00
0.99,0.02,-0.04,0.10,0.00,0.00,0.00,0.00
0.99,0.02,-0.04,0.10,0.00,0.00,0.00,0.00
0.99,0.02,-0.04,0.10,0.00,0.00,0.00,0.00
0.99,0.02,-0.04,0.10,0.00,0.00,0.00,0.00
0.99,0.02,-0.04,0.10,0.00,0.00,0.00,0.00
0.99,0.02,-0.04,0.10,0.00,0.00,0.00,0.00
0.99,0.02,-0.04,0.10,0.00,0.00,0.00,0.00
0.99,0.02,-0.04,0.10,0.00,0.00,0.00,0.00
0.99,0.02,-0.04,0.10,0.00,0.00,0.00,0.00
0.99,0.02,-0.04,0.10,0.00,0.00,0.00,0.00
0.99,0.02,-0.04,0.10,0.00,0.00,0.00,0.00
0.99,0.02,-0.04,0.10,0.00,0.00,0.00,0.00
0.99,0.02,-0.04,0.10,0.00,0.00,0.00,0.00
0.99,0.02,-0.04,0.10,0.00,0.00,0.00,0.00
0.99,0.02,-0.04,0.10,0.00,0.00,0.00,0.00
0.99,0.02,-0.04,0.10,0.00,0.00,0.00,0.00
0.99,0.02,-0.04,0.10,0.00,0.00,0.00,0.00
0.99,0.02,-0.04,0.10,0.00,0.00,0.00,0.00
0.99,0.02,-0.04,0.10,0.00,0.00,0.00,0.00
0.99,0.02,-0.04,0.10,0.00,0.00,0.00,0.00
0.99,0.02,-0.04,0.10,0.00,0.00,0.00,0.00
0.99,0.02,-0.04,0.10,0.00,0.00,0.00,0.00
0.99,0.02,-0.04,0.10,0.00,0.00,0.00,0.00
0.99,0.02,-0.04,0.10,0.00,0.00,0.00,0.00
0.99,0.02,-0.04,0.10,0.00,0.00,0.00,0.00
0.99,0.02,-0.04,0.10,0.00,0.00,0.00,0.00
0.99,0.02,-0.04,0.10,0.00,0.00,0.00,0.00
0.99,0.02,-0.04,0.10,0.00,0.00,0.00,0.00
0.99,0.02,-0.04,0.10,0.00,0.00,0.00,0.00
0.99,0.02,-0.04,0.10,0.00,0.00,0.00,0.00
0.99,0.02,-0.04,0.10,0.00,0.00,0.00,0.00
0.99,0.02,-0.04,0.10,0.00,0.00,0.00,0.00
0.99,0.02,-0.04,0.10,0.00,0.00,0.00,0.00
0.99,0.02,-0.04,0.10,0.00,0.00,0.00,0.00
0.99,0.02,-0.04,0.10,0.00,0.00,0.00,0.00
0.99,0.02,-0.04,0.10,0.00,0.00,0.00,0.00
0.99,0.02,-0.04,0.10,0.00,0.00,0.00,0.00
0.99,0.02,-0.04,0.10,0.00,0.00,0.00,0.00
0.99,0.02,-0.04,0.10,0.00,0.00,0.00,0.00
0.99,0.02,-0.04,0.10,0.00,0.00,0.00,0.00
0.99,0.02,-0.04,0.10,0.00,0.00,0.00,0.00
0.99,0.02,-0.04,0.10,0.00,0.00,0.00,0.00
0.99,0.02,-0.04,0.10,0.00,0.00,0.00,0.00
0.99,0.02,-0.04,0.10,0.00,0.00,0.00,0.00
0.99,0.02,-0.04,0.10,0.00,0.00,0.00,0.00
0.99,0.02,-0.04,0.10,0.00,0.00,0.00,0.00
0.99,0.02,-0.04,0.10,0.00,0.00,0.00,0.00
0.99,0.02,-0.04,0.10,0.00,0.00,0.00,0.00
0.99,0.02,-0.04,0.10,0.00,0.00,0.00,0.00
0.99,0.02,-0.04,0.10,0.00,0.00,0.00,0.00
0.99,0.02,-0.04,0.10,0.00,0.00,0.00,0.00
0.99,0.02,-0.04,0.10,0.00,0.00,0.00,0.00
0.99,0.02,-0.04,0.10,0.00,0.00,0.00,0.00
0.99,0.02,-0.04,0.10,0.00,0.00,0.00,0.00
0.99,0.02,-0.04,0.10,0.00,0.00,0.00,0.00
0.99,0.02,-0.04,0.10,0.00,0.00,0.00,0.00
0.99,0.02,-0.04,0.10,0.00,0.00,0.00,0.00
0.99,0.02,-0.04,0.10,0.00,0.00,0.00,0.00
0.99,0.02,-0.04,0.10,0.00,0.00,0.00,0.00
0.99,0.02,-0.04,0.10,0.00,0.00,0.00,0.00
0.99,0.02,-0.04,0.10,0.00,0.00,0.00,0.00
0.99,0.02,-0.04,0.10,0.00,0.00,0.00,0.00
0.99,0.02,-0.04,0.10,0.00,0.00,0.00,0.00
0.99,0.02,-0.04,0.10,0.00,0.00,0.00,0.00
0.99,0.02,-0.04,0.10,0.00,0.00,0.00,0.00
0.99,0.02,-0.04,0.10,0.00,0.00,0.00,0.00
0.99,0.02,-0.04,0.10,0.00,0.00,0.00,0.00
0.99,0.02,-0.04,0.10,0.00,0.00,0.00,0.00
0.99,0.02,-0.04,0.10,0.00,0.00,0.00,0.00
0.99,0.02,-0.04,0.10,0.00,0.00,0.00,0.00
0.99,0.02,-0.04,0.10,0.00,0.00,0.00,0.00
0.99,0.02,-0.04,0.10,0.00,0.00,0.00,0.00
0.99,0.02,-0.04,0.10,0.00,0.00,0.00,0.00
0.99,0.02,-0.04,0.10,0.00,0.00,0.00,0.00
0.99,0.02,-0.04,0.10,0.00,0.00,0.00,0.00
0.99,0.02,-0.04,0.10,0.00,0.00,0.00,0.00
0.99,0.02,-0.04,0.10,0.00,0.00,0.00,0.00
0.99,0.02,-0.04,0.10,0.00,0.00,0.00,0.00
0.99,0.02,-0.04,0.10,0.00,0.00,0.00,0.00
0.99,0.02,-0.04,0.10,0.00,0.00,0.00,0.00
0.99,0.02,-0.04,0.10,0.00,0.00,0.00,0.00
0.99,0.02,-0.04,0.10,0.00,0.00,0.00,0.00
0.99,0.02,-0.04,0.10,0.00,0.00,0.00,0.00
0.99,0.02,-0.04,0.10,0.00,0.00,0.00,0.00
0.99,0.02,-0.04,0.10,0.00,0.00,0.00,0.00
0.99,0.02,-0.04,0.10,0.00,0.00,0.00,0.00
0.99,0.02,-0.04,0.10,0.00,0.00,0.00,0.00
0.99,0.02,-0.04,0.10,0.00,0.00,0.00,0.00
0.99,0.02,-0.04,0.10,0.00,0.00,0.00,0.00
0.99,0.02,-0.04,0.10,0.00,0.00,0.00,0.00
0.99,0.02,-0.04,0.10,0.00,0.00,0.00,0.00
0.99,0.02,-0.04,0.10,0.00,0.00,0.00,0.00
0.99,0.02,-0.04,0.10,0.00,0.00,0.00,0.00
0.99,0.02,-0.04,0.10,0.00,0.00,0.00,0.00
0.99,0.02,-0.04,0.10,0.00,0.00,0.00,0.00
0.99,0.02,-0.04,0.10,0.00,0.00,0.00,0.00
0.99,0.02,-0.04,0.10,0.00,0.00,0.00,0.00
0.99,0.02,-0.04,0.10,0.00,0.00,0.00,0.00
0.99,0.02,-0.04,0.10,0.00,0.00,0.00,0.00
0.99,0.02,-0.04,0.10,0.00,0.00,0.00,0.00
0.99,0.02,-0.04,0.10,0.00,0.00,0.00,0.00
0.99,0.02,-0.04,0.10,0.00,0.00,0.00,0.00
0.99,0.02,-0.04,0.10,0.00,0.00,0.00,0.00
0.99,0.02,-0.04,0.10,0.00,0.00,0.00,0.00
0.99,0.02,-0.04,0.10,0.00,0.00,0.00,0.00
0.99,0.02,-0.04,0.10,0.00,0.00,0.00,0.00
0.99,0.02,-0.04,0.10,0.00,0.00,0.00,0.00
0.99,0.02,-0.04,0.10,0.00,0.00,0.00,0.00
0.99,0.02,-0.04,0.10,0.00,0.00,0.00,0.00
0.99,0.02,-0.04,0.10,0.00,0.00,0.00,0.00
0.99,0.02,-0.04,0.10,0.00,0.00,0.00,0.00
0.99,0.02,-0.04,0.10,0.00,0.00,0.00,0.00
0.99,0.02,-0.04,0.10,0.00,0.00,0.00,0.00
0.99,0.02,-0.04,0.10,0.00,0.00,0.00,0.00
0.99,0.02,-0.04,0.10,0.00,0.00,0.00,0.00
0.99,0.02,-0.04,0.10,0.00,0.00,0.00,0.00
0.99,0.02,-0.04,0.10,0.00,0.00,0.00,0.00
0.99,0.02,-0.04,0.10,0.00,0.00,0.00,0.00
0.99,0.02,-0.04,0.10,0.00,0.00,0.00,0.00
0.99,0.02,-0.04,0.10,0.00,0.00,0.00,0.00
0.99,0.02,-0.04,0.10,0.00,0.00,0.00,0.00
0.99,0.02,-0.04,0.10,0.00,0.00,0.00,0.00
0.99,0.02,-0.04,0.10,0.00,0.00,0.00,0.00
0.99,0.02,-0.04,0.10,0.00,0.00,0.00,0.00
0.99,0.02,-0.04,0.10,0.00,0.00,0.00,0.00
0.99,0.02,-0.04,0.10,0.00,0.00,0.00,0.00
0.99,0.02,-0.04,0.10,0.00,0.00,0.00,0.00
0.99,0.02,-0.04,0.10,0.00,0.00,0.00,0.00
0.99,0.02,-0.04,0.10,0.00,0.00,0.00,0.00
0.99,0.02,-0.04,0.10,0.00,0.00,0.00,0.00
0.99,0.02,-0.04,0.10,0.00,0.00,0.00,0.00
0.99,0.02,-0.04,0.10,0.00,0.00,0.00,0.00
0.99,0.02,-0.04,0.10,0.00,0.00,0.00,0.00
0.99,0.02,-0.04,0.10,0.00,0.00,0.00,0.00
0.99,0.02,-0.04,0.10,0.00,0.00,0.00,0.00
0.99,0.02,-0.04,0.10,0.00,0.00,0.00,0.00
0.99,0.02,-0.04,0.10,0.00,0.00,0.00,0.00
0.99,0.02,-0.04,0.10,0.00,0.00,0.00,0.00
0.99,0.02,-0.04,0.10,0.00,0.00,0.00,0.00
0.99,0.02,-0.04,0.10,0.00,0.00,0.00,0.00
0.99,0.02,-0.04,0.10,0.00,0.00,0.00,0.00
0.99,0.02,-0.04,0.10,0.00,0.00,0.00,0.00
0.99,0.02,-0.04,0.10,0.00,0.00,0.00,0.00
0.99,0.02,-0.04,0.10,0.00,0.00,0.00,0.00
0.99,0.02,-0.04,0.10,0.00,0.00,0.00,0.00
0.99,0.02,-0.04,0.10,0.00,0.00,0.00,0.00
0.99,0.02,-0.04,0.10,0.00,0.00,0.00,0.00
0.99,0.02,-0.04,0.10,0.00,0.00,0.00,0.00
0.99,0.02,-0.04,0.10,0.00,0.00,0.00,0.00
0.99,0.02,-0.04,0.10,0.00,0.00,0.00,0.00
0.99,0.02,-0.04,0.10,0.00,0.00,0.00,0.00
0.99,0.02,-0.04,0.10,0.00,0.00,0.00,0.00
0.99,0.02,-0.04,0.10,0.00,0.00,0.00,0.00
0.99,0.02,-0.04,0.10,0.00,0.00,0.00,0.00
0.99,0.02,-0.04,0.10,0.00,0.00,0.00,0.00
0.99,0.02,-0.04,0.10,0.00,0.00,0.00,0.00
0.99,0.02,-0.04,0.10,0.00,0.00,0.00,0.00
0.99,0.02,-0.04,0.10,0.00,0.00,0.00,0.00
0.99,0.02,-0.04,0.10,0.00,0.00,0.00,0.00
0.99,0.02,-0.04,0.10,0.00,0.00,0.00,0.00
0.99,0.02,-0.04,0.10,0.00,0.00,0.00,0.00
0.99,0.02,-0.04,0.10,0.00,0.00,0.00,0.00
0.99,0.02,-0.04,0.10,0.00,0.00,0.00,0.00
0.99,0.02,-0.04,0.10,0.00,0.00,0.00,0.00
0.99,0.02,-0.04,0.10,0.00,0.00,0.00,0.00
0.99,0.02,-0.04,0.10,0.00,0.00,0.00,0.00
0.99,0.02,-0.04,0.10,0.00,0.00,0.00,0.00
0.99,0.02,-0.04,0.10,0.00,0.00,0.00,0.00
0.99,0.02,-0.04,0.10,0.00,0.00,0.00,0.00
0.99,0.02,-0.04,0.10,0.00,0.00,0.00,0.00
0.99,0.02,-0.04,0.10,0.00,0.00,0.00,0.00
0.99,0.02,-0.04,0.10,0.00,0.00,0.00,0.00
0.99,0.02,-0.04,0.10,0.00,0.00,0.00,0.00
0.99,0.02,-0.04,0.10,0.00,0.00,0.00,0.00
0.99,0.02,-0.04,0.10,0.00,0.00,0.00,0.00
0.99,0.02,-0.04,0.10,0.00,0.00,0.00,0.00
0.99,0.02,-0.04,0.10,0.00,0.00,0.00,0.00
0.99,0.02,-0.04,0.10,0.00,0.00,0.00,0.00
0.99,0.02,-0.04,0.10,0.00,0.00,0.00,0.00
0.99,0.02,-0.04,0.10,0.00,0.00,0.00,0.00
0.99,0.02,-0.04,0.10,0.00,0.00,0.00,0.00
0.99,0.02,-0.04,0.10,0.00,0.00,0.00,0.00
0.99,0.02,-0.04,0.10,0.00,0.00,0.00,0.00
0.99,0.02,-0.04,0.10,0.00,0.00,0.00,0.00
0.99,0.02,-0.04,0.10,0.00,0.00,0.00,0.00
0.99,0.02,-0.04,0.10,0.00,0.00,0.00,0.00
0.99,0.02,-0.04,0.10,0.00,0.00,0.00,0.00
0.99,0.02,-0.04,0.10,0.00,0.00,0.00,0.00
1.00,0.01,-0.00,0.00,0.00,0.00,0.00,0.00
1.00,0.01,-0.00,0.00,0.00,0.00,0.00,0.00
1.00,0.01,-0.00,0.00,0.00,0.00,0.00,0.00
1.00,0.01,-0.00,0.00,0.00,0.00,0.00,0.00
1.00,0.01,-0.00,0.00,0.00,0.00,0.00,0.00
1.00,0.01,-0.00,0.00,0.00,0.00,0.00,0.00
1.00,0.00,-0.01,0.00,1.00,0.01,0.02,-0.00
1.00,0.00,-0.01,0.00,1.00,0.01,0.02,-0.00
1.00,0.00,-0.01,0.00,1.00,0.01,0.02,-0.00
1.00,0.00,-0.01,0.00,1.00,0.01,0.02,-0.00
1.00,0.00,-0.01,0.00,1.00,0.01,0.02,-0.00
1.00,0.00,-0.01,0.00,1.00,0.01,0.02,-0.00
1.00,0.00,-0.01,0.01,1.00,0.01,0.02,-0.00
1.00,0.00,-0.01,0.01,1.00,0.01,0.02,-0.00
1.00,0.00,-0.01,0.01,1.00,0.01,0.02,-0.00
1.00,0.00,-0.01,0.01,1.00,0.00,0.03,-0.00
1.00,0.00,-0.01,0.01,1.00,0.00,0.03,-0.00
1.00,0.00,-0.01,0.01,1.00,0.00,0.03,-0.00
1.00,0.00,-0.01,0.01,1.00,0.00,0.03,-0.00
1.00,0.00,-0.01,0.01,1.00,0.00,0.03,-0.00
1.00,0.00,-0.01,0.01,1.00,0.00,0.03,-0.00
1.00,0.00,-0.02,0.01,1.00,0.00,0.03,-0.00
1.00,0.00,-0.02,0.01,1.00,0.00,0.05,-0.00
1.00,0.00,-0.02,0.01,1.00,0.00,0.05,-0.00
1.00,0.00,-0.02,0.01,1.00,0.00,0.05,-0.00
1.00,0.00,-0.02,0.01,1.00,0.00,0.05,-0.00
1.00,0.00,-0.02,0.01,1.00,0.00,0.05,-0.00
1.00,-0.00,-0.02,0.01,1.00,0.00,0.05,-0.00
1.00,-0.00,-0.02,0.01,1.00,0.00,0.05,-0.00
1.00,-0.00,-0.02,0.01,1.00,0.00,0.05,-0.00
1.00,-0.00,-0.02,0.01,1.00,0.00,0.05,-0.00
1.00,-0.00,-0.02,0.01,1.00,-0.00,0.07,-0.00
1.00,-0.00,-0.02,0.01,1.00,-0.00,0.07,-0.00
1.00,-0.00,-0.02,0.01,1.00,-0.00,0.07,-0.00
1.00,-0.00,-0.02,0.01,1.00,-0.00,0.07,-0.00
1.00,-0.00,-0.02,0.01,1.00,-0.00,0.07,-0.00
1.00,-0.00,-0.02,0.01,1.00,-0.00,0.07,-0.00
1.00,-0.00,-0.02,0.01,1.00,-0.00,0.07,-0.00
1.00,-0.00,-0.02,0.02,1.00,-0.00,0.07,-0.00
1.00,-0.00,-0.02,0.02,1.00,-0.00,0.08,-0.00
1.00,-0.00,-0.02,0.02,1.00,-0.00,0.08,-0.00
1.00,-0.00,-0.02,0.02,1.00,-0.00,0.08,-0.00
1.00,-0.00,-0.02,0.02,1.00,-0.00,0.08,-0.00
1.00,-0.00,-0.02,0.02,1.00,-0.00,0.08,-0.00
1.00,-0.00,-0.02,0.02,0.99,-0.00,0.10,-0.00
1.00,-0.00,-0.02,0.02,0.99,-0.00,0.10,-0.00
1.00,-0.00,-0.02,0.02,0.99,-0.00,0.10,-0.00
1.00,-0.00,-0.02,0.02,0.99,-0.00,0.10,-0.00
1.00,-0.00,-0.02,0.02,0.99,-0.00,0.10,-0.00
1.00,-0.00,-0.02,0.02,0.99,-0.01,0.12,-0.01
1.00,-0.00,-0.02,0.02,0.99,-0.01,0.12,-0.01
1.00,-0.00,-0.02,0.02,0.99,-0.01,0.12,-0.01
1.00,-0.00,-0.02,0.02,0.99,-0.01,0.12,-0.01
1.00,-0.00,-0.02,0.02,0.99,-0.01,0.12,-0.01
1.00,-0.00,-0.02,0.02,0.99,-0.01,0.13,-0.01
1.00,-0.00,-0.02,0.02,0.99,-0.01,0.13,-0.01
1.00,-0.00,-0.02,0.02,0.99,-0.01,0.13,-0.01
1.00,-0.00,-0.02,0.02,0.99,-0.01,0.13,-0.01
1.00,-0.00,-0.02,0.02,0.99,-0.01,0.13,-0.01
1.00,-0.00,-0.02,0.02,0.99,-0.01,0.15,-0.01
1.00,-0.00,-0.02,0.02,0.99,-0.01,0.15,-0.01
1.00,-0.00,-0.02,0.02,0.99,-0.01,0.15,-0.01
1.00,-0.00,-0.02,0.02,0.99,-0.01,0.15,-0.01
1.00,-0.00,-0.02,0.02,0.99,-0.01,0.15,-0.01
1.00,-0.00,-0.02,0.02,0.99,-0.01,0.16,-0.01
1.00,-0.00,-0.02,0.02,0.99,-0.01,0.16,-0.01
1.00,-0.00,-0.02,0.02,0.99,-0.01,0.16,-0.01
1.00,-0.00,-0.02,0.02,0.99,-0.01,0.16,-0.01
1.00,-0.00,-0.02,0.02,0.99,-0.01,0.16,-0.01
1.00,-0.00,-0.02,0.02,0.98,-0.01,0.18,-0.01
1.00,-0.00,-0.02,0.02,0.98,-0.01,0.18,-0.01
1.00,-0.00,-0.02,0.02,0.98,-0.01,0.18,-0.01
1.00,-0.00,-0.02,0.03,0.98,-0.01,0.18,-0.01
1.00,-0.00,-0.02,0.03,0.98,-0.01,0.18,-0.01
1.00,-0.00,-0.02,0.03,0.98,-0.02,0.19,-0.01
1.00,-0.00,-0.03,0.03,0.98,-0.02,0.19,-0.01
1.00,-0.00,-0.03,0.03,0.98,-0.02,0.19,-0.01
1.00,-0.00,-0.03,0.03,0.98,-0.02,0.19,-0.01
1.00,-0.00,-0.03,0.03,0.98,-0.02,0.19,-0.01
1.00,-0.00,-0.03,0.03,0.98,-0.02,0.20,-0.01
1.00,-0.00,-0.03,0.03,0.98,-0.02,0.20,-0.01
1.00,-0.00,-0.03,0.03,0.98,-0.02,0.20,-0.01
1.00,-0.00,-0.03,0.03,0.98,-0.02,0.20,-0.01
1.00,-0.00,-0.03,0.03,0.98,-0.02,0.20,-0.01
1.00,-0.00,-0.03,0.03,0.98,-0.02,0.22,-0.01
1.00,-0.00,-0.03,0.03,0.98,-0.02,0.22,-0.01
1.00,-0.00,-0.03,0.03,0.98,-0.02,0.22,-0.01
1.00,-0.00,-0.03,0.03,0.98,-0.02,0.22,-0.01
1.00,-0.00,-0.03,0.03,0.98,-0.02,0.22,-0.01
1.00,-0.00,-0.03,0.03,0.97,-0.02,0.23,-0.01
1.00,-0.00,-0.03,0.03,0.97,-0.02,0.23,-0.01
1.00,-0.00,-0.03,0.03,0.97,-0.02,0.23,-0.01
1.00,-0.00,-0.03,0.03,0.97,-0.02,0.23,-0.01
1.00,-0.00,-0.03,0.03,0.97,-0.02,0.23,-0.01
1.00,-0.00,-0.03,0.03,0.97,-0.02,0.24,-0.01
1.00,-0.00,-0.03,0.03,0.97,-0.02,0.24,-0.01
1.00,-0.00,-0.03,0.03,0.97,-0.02,0.24,-0.01
1.00,-0.00,-0.03,0.03,0.97,-0.02,0.24,-0.01
1.00,-0.00,-0.03,0.03,0.97,-0.02,0.24,-0.01
1.00,-0.00,-0.03,0.03,0.97,-0.02,0.25,-0.01
1.00,-0.00,-0.03,0.03,0.97,-0.02,0.25,-0.01
1.00,-0.00,-0.03,0.03,0.97,-0.02,0.25,-0.01
1.00,-0.00,-0.03,0.03,0.97,-0.02,0.25,-0.01
1.00,-0.00,-0.03,0.03,0.97,-0.02,0.25,-0.01
1.00,-0.00,-0.03,0.03,0.96,-0.02,0.27,-0.01
1.00,-0.00,-0.03,0.03,0.96,-0.02,0.27,-0.01
1.00,-0.00,-0.03,0.03,0.96,-0.02,0.27,-0.01
1.00,-0.00,-0.03,0.04,0.96,-0.02,0.27,-0.01
1.00,-0.00,-0.03,0.04,0.96,-0.02,0.27,-0.01
1.00,-0.00,-0.03,0.04,0.96,-0.03,0.28,-0.01
1.00,-0.00,-0.03,0.04,0.96,-0.03,0.28,-0.01
1.00,-0.00,-0.03,0.04,0.96,-0.03,0.28,-0.01
1.00,-0.00,-0.03,0.04,0.96,-0.03,0.28,-0.01
1.00,-0.00,-0.03,0.04,0.96,-0.03,0.28,-0.01
1.00,-0.00,-0.03,0.04,0.96,-0.03,0.29,-0.01
1.00,-0.00,-0.03,0.04,0.96,-0.03,0.29,-0.01
1.00,-0.00,-0.03,0.04,0.96,-0.03,0.29,-0.01
1.00,-0.00,-0.03,0.04,0.96,-0.03,0.29,-0.01
1.00,-0.00,-0.03,0.04,0.96,-0.03,0.29,-0.01
1.00,-0.00,-0.03,0.04,0.95,-0.03,0.30,-0.01
1.00,-0.00,-0.03,0.04,0.95,-0.03,0.30,-0.01
1.00,-0.00,-0.03,0.04,0.95,-0.03,0.30,-0.01
1.00,-0.00,-0.03,0.04,0.95,-0.03,0.30,-0.01
1.00,-0.00,-0.03,0.04,0.95,-0.03,0.30,-0.01
1.00,-0.00,-0.03,0.04,0.95,-0.03,0.31,-0.01
1.00,-0.00,-0.03,0.04,0.95,-0.03,0.31,-0.01
1.00,-0.00,-0.03,0.04,0.95,-0.03,0.31,-0.01
1.00,-0.00,-0.03,0.04,0.95,-0.03,0.31,-0.01
1.00,-0.00,-0.03,0.04,0.95,-0.03,0.31,-0.01
1.00,-0.00,-0.03,0.04,0.95,-0.03,0.32,-0.01
1.00,-0.00,-0.03,0.04,0.95,-0.03,0.32,-0.01
1.00,-0.00,-0.03,0.04,0.95,-0.03,0.32,-0.01
1.00,-0.00,-0.03,0.04,0.95,-0.03,0.32,-0.01
1.00,-0.00,-0.03,0.04,0.95,-0.03,0.32,-0.01
1.00,-0.00,-0.03,0.04,0.94,-0.03,0.33,-0.01
1.00,-0.00,-0.03,0.04,0.94,-0.03,0.33,-0.01
1.00,-0.00,-0.03,0.04,0.94,-0.03,0.33,-0.01
1.00,-0.00,-0.03,0.04,0.94,-0.03,0.33,-0.01
1.00,-0.00,-0.03,0.04,0.94,-0.03,0.33,-0.01
1.00,-0.00,-0.03,0.04,0.94,-0.03,0.34,-0.01
1.00,-0.00,-0.03,0.04,0.94,-0.03,0.34,-0.01
1.00,-0.00,-0.03,0.04,0.94,-0.03,0.34,-0.01
1.00,-0.00,-0.03,0.05,0.94,-0.03,0.34,-0.01
1.00,-0.00,-0.03,0.05,0.94,-0.03,0.34,-0.01
1.00,-0.00,-0.03,0.05,0.94,-0.04,0.35,-0.01
1.00,-0.00,-0.03,0.05,0.94,-0.04,0.35,-0.01
1.00,-0.00,-0.03,0.05,0.94,-0.04,0.35,-0.01
1.00,-0.00,-0.03,0.05,0.94,-0.04,0.35,-0.01
1.00,-0.00,-0.03,0.05,0.94,-0.04,0.35,-0.01
1.00,-0.00,-0.03,0.05,0.93,-0.04,0.35,-0.01
1.00,-0.00,-0.03,0.05,0.93,-0.04,0.35,-0.01
1.00,-0.00,-0.03,0.05,0.93,-0.04,0.35,-0.01
1.00,-0.00,-0.03,0.05,0.93,-0.04,0.35,-0.01
1.00,-0.00,-0.03,0.05,0.93,-0.04,0.35,-0.01
1.00,-0.00,-0.03,0.05,0.93,-0.04,0.36,-0.01
1.00,-0.00,-0.03,0.05,0.93,-0.04,0.36,-0.01
1.00,-0.00,-0.03,0.05,0.93,-0.04,0.36,-0.01
1.00,-0.00,-0.03,0.05,0.93,-0.04,0.36,-0.01
1.00,-0.00,-0.03,0.05,0.93,-0.04,0.36,-0.01
1.00,-0.00,-0.03,0.05,0.93,-0.04,0.37,-0.01
1.00,-0.00,-0.03,0.05,0.93,-0.04,0.37,-0.01
1.00,-0.00,-0.03,0.05,0.93,-0.04,0.37,-0.01
1.00,-0.00,-0.03,0.05,0.93,-0.04,0.37,-0.01
1.00,-0.00,-0.03,0.05,0.93,-0.04,0.37,-0.01
1.00,-0.00,-0.03,0.05,0.92,-0.04,0.38,-0.01
1.00,-0.00,-0.03,0.05,0.92,-0.04,0.38,-0.01
1.00,-0.00,-0.03,0.05,0.92,-0.04,0.38,-0.01
1.00,-0.00,-0.03,0.05,0.92,-0.04,0.38,-0.01
1.00,-0.00,-0.03,0.05,0.92,-0.04,0.38,-0.01
1.00,-0.00,-0.03,0.05,0.92,-0.04,0.39,-0.01
1.00,-0.00,-0.03,0.05,0.92,-0.04,0.39,-0.01
1.00,-0.00,-0.03,0.05,0.92,-0.04,0.39,-0.01
1.00,-0.00,-0.03,0.05,0.92,-0.04,0.39,-0.01
1.00,-0.00,-0.03,0.05,0.92,-0.04,0.39,-0.01
1.00,-0.00,-0.03,0.05,0.92,-0.04,0.39,-0.01
1.00,-0.00,-0.03,0.05,0.92,-0.04,0.39,-0.01
1.00,-0.00,-0.03,0.05,0.92,-0.04,0.39,-0.01
1.00,-0.00,-0.03,0.06,0.92,-0.04,0.39,-0.01
1.00,-0.00,-0.03,0.06,0.92,-0.04,0.39,-0.01
1.00,-0.00,-0.03,0.06,0.92,-0.04,0.40,-0.01
1.00,-0.00,-0.03,0.06,0.92,-0.04,0.40,-0.01
1.00,-0.00,-0.03,0.06,0.92,-0.04,0.40,-0.01
1.00,-0.00,-0.03,0.06,0.92,-0.04,0.40,-0.01
1.00,-0.00,-0.03,0.06,0.92,-0.04,0.40,-0.01
1.00,-0.00,-0.03,0.06,0.91,-0.04,0.41,-0.01
1.00,-0.00,-0.03,0.06,0.91,-0.04,0.41,-0.01
1.00,-0.00,-0.03,0.06,0.91,-0.04,0.41,-0.01
1.00,-0.00,-0.03,0.06,0.91,-0.04,0.41,-0.01
1.00,-0.00,-0.03,0.06,0.91,-0.04,0.41,-0.01
1.00,-0.00,-0.03,0.06,0.91,-0.04,0.41,-0.01
1.00,-0.00,-0.03,0.06,0.91,-0.04,0.41,-0.01
1.00,-0.00,-0.03,0.06,0.91,-0.04,0.41,-0.01
1.00,-0.00,-0.03,0.06,0.91,-0.04,0.41,-0.01
1.00,-0.00,-0.03,0.06,0.91,-0.04,0.41,-0.01
1.00,-0.00,-0.03,0.06,0.92,-0.05,0.40,-0.01
1.00,-0.00,-0.03,0.06,0.92,-0.05,0.40,-0.01
1.00,-0.00,-0.03,0.06,0.92,-0.05,0.40,-0.01
1.00,-0.00,-0.03,0.06,0.92,-0.05,0.40,-0.01
1.00,-0.00,-0.03,0.06,0.92,-0.05,0.40,-0.01
1.00,-0.00,-0.03,0.06,0.93,-0.05,0.36,-0.02
1.00,-0.00,-0.03,0.06,0.93,-0.05,0.36,-0.02
1.00,-0.00,-0.03,0.06,0.93,-0.05,0.36,-0.02
1.00,-0.00,-0.03,0.06,0.93,-0.05,0.36,-0.02
1.00,-0.00,-0.03,0.06,0.93,-0.05,0.36,-0.02
1.00,-0.00,-0.03,0.06,0.95,-0.05,0.32,-0.03
1.00,-0.00,-0.03,0.06,0.95,-0.05,0.32,-0.03
1.00,-0.00,-0.03,0.06,0.95,-0.05,0.32,-0.03
1.00,-0.00,-0.03,0.06,0.95,-0.05,0.32,-0.03
1.00,-0.00,-0.03,0.06,0.95,-0.05,0.32,-0.03
1.00,-0.00,-0.03,0.06,0.95,-0.05,0.31,-0.03
1.00,-0.00,-0.03,0.06,0.95,-0.05,0.31,-0.03
1.00,-0.00,-0.03,0.06,0.95,-0.05,0.31,-0.03
1.00,-0.00,-0.03,0.06,0.95,-0.05,0.31,-0.03
1.00,-0.00,-0.03,0.07,0.95,-0.05,0.31,-0.03
1.00,-0.00,-0.03,0.07,0.96,-0.05,0.29,-0.03
1.00,-0.00,-0.03,0.07,0.96,-0.05,0.29,-0.03
1.00,-0.00,-0.03,0.07,0.96,-0.05,0.29,-0.03
1.00,-0.00,-0.03,0.07,0.96,-0.05,0.29,-0.03
1.00,-0.00,-0.03,0.07,0.96,-0.05,0.29,-0.03
1.00,-0.00,-0.03,0.07,0.96,-0.05,0.27,-0.03
1.00,-0.00,-0.03,0.07,0.96,-0.05,0.27,-0.03
1.00,-0.00,-0.03,0.07,0.96,-0.05,0.27,-0.03
1.00,-0.00,-0.03,0.07,0.96,-0.05,0.27,-0.03
1.00,-0.00,-0.03,0.07,0.96,-0.05,0.27,-0.03
1.00,-0.00,-0.03,0.07,0.96,-0.06,0.26,-0.03
1.00,-0.00,-0.03,0.07,0.96,-0.06,0.26,-0.03
1.00,-0.00,-0.03,0.07,0.96,-0.06,0.26,-0.03
1.00,-0.00,-0.03,0.07,0.96,-0.06,0.26,-0.03
1.00,-0.00,-0.03,0.07,0.96,-0.06,0.26,-0.03
1.00,-0.00,-0.03,0.07,0.97,-0.06,0.25,-0.03
1.00,-0.00,-0.03,0.07,0.97,-0.06,0.25,-0.03
1.00,-0.00,-0.03,0.07,0.97,-0.06,0.25,-0.03
1.00,-0.00,-0.03,0.07,0.97,-0.06,0.25,-0.03
1.00,-0.00,-0.03,0.07,0.97,-0.06,0.25,-0.03
1.00,-0.00,-0.03,0.07,0.97,-0.06,0.24,-0.03
1.00,-0.00,-0.03,0.07,0.97,-0.06,0.24,-0.03
1.00,-0.00,-0.03,0.07,0.97,-0.06,0.24,-0.03
1.00,-0.00,-0.03,0.07,0.97,-0.06,0.24,-0.03
1.00,-0.00,-0.03,0.07,0.97,-0.06,0.24,-0.03
1.00,-0.00,-0.03,0.07,0.97,-0.07,0.23,-0.03
1.00,-0.00,-0.03,0.07,0.97,-0.07,0.23,-0.03
1.00,-0.00,-0.03,0.07,0.97,-0.07,0.23,-0.03
1.00,-0.00,-0.03,0.07,0.97,-0.07,0.23,-0.03
1.00,-0.00,-0.03,0.07,0.97,-0.07,0.23,-0.03
1.00,-0.00,-0.03,0.07,0.97,-0.06,0.22,-0.03
1.00,-0.00,-0.03,0.07,0.97,-0.06,0.22,-0.03
1.00,-0.00,-0.03,0.07,0.97,-0.06,0.22,-0.03
1.00,-0.00,-0.03,0.07,0.97,-0.06,0.22,-0.03
1.00,-0.00,-0.03,0.08,0.97,-0.06,0.22,-0.03
1.00,-0.00,-0.03,0.08,0.97,-0.06,0.22,-0.04
1.00,-0.00,-0.03,0.08,0.97,-0.06,0.22,-0.04
1.00,-0.00,-0.03,0.08,0.97,-0.06,0.22,-0.04
1.00,-0.00,-0.03,0.08,0.97,-0.06,0.22,-0.04
1.00,-0.00,-0.03,0.08,0.97,-0.06,0.22,-0.04
1.00,-0.00,-0.03,0.08,0.98,-0.06,0.21,-0.04
1.00,-0.00,-0.03,0.08,0.98,-0.06,0.21,-0.04
1.00,-0.00,-0.03,0.08,0.98,-0.06,0.21,-0.04
1.00,-0.00,-0.03,0.08,0.98,-0.06,0.21,-0.04
1.00,-0.00,-0.03,0.08,0.98,-0.06,0.21,-0.04
1.00,-0.00,-0.03,0.08,0.98,-0.06,0.20,-0.04
1.00,-0.00,-0.03,0.08,0.98,-0.06,0.20,-0.04
1.00,-0.00,-0.03,0.08,0.98,-0.06,0.20,-0.04
1.00,-0.00,-0.03,0.08,0.98,-0.06,0.20,-0.04
1.00,-0.00,-0.03,0.08,0.98,-0.06,0.20,-0.04
1.00,-0.00,-0.03,0.08,0.98,-0.06,0.20,-0.04
1.00,-0.00,-0.03,0.08,0.98,-0.06,0.20,-0.04
1.00,-0.00,-0.03,0.08,0.98,-0.06,0.20,-0.04
1.00,-0.00,-0.03,0.08,0.98,-0.06,0.20,-0.04
1.00,-0.00,-0.03,0.08,0.98,-0.06,0.20,-0.04
1.00,-0.00,-0.03,0.08,0.98,-0.06,0.19,-0.04
1.00,-0.00,-0.03,0.08,0.98,-0.06,0.19,-0.04
1.00,-0.00,-0.03,0.08,0.98,-0.06,0.19,-0.04
1.00,-0.00,-0.03,0.08,0.98,-0.06,0.19,-0.04
1.00,-0.00,-0.03,0.08,0.98,-0.06,0.19,-0.04
1.00,-0.00,-0.03,0.08,0.98,-0.06,0.19,-0.04
1.00,-0.00,-0.03,0.08,0.98,-0.06,0.19,-0.04
1.00,-0.00,-0.03,0.08,0.98,-0.06,0.19,-0.04
1.00,-0.00,-0.03,0.08,0.98,-0.06,0.19,-0.04
1.00,-0.00,-0.03,0.08,0.98,-0.06,0.19,-0.04
1.00,-0.00,-0.03,0.08,0.98,-0.05,0.19,-0.04
1.00,-0.00,-0.03,0.08,0.98,-0.05,0.19,-0.04
1.00,-0.00,-0.03,0.08,0.98,-0.05,0.19,-0.04
1.00,-0.00,-0.03,0.08,0.98,-0.05,0.19,-0.04
1.00,-0.00,-0.03,0.08,0.98,-0.05,0.19,-0.04
1.00,-0.00,-0.03,0.08,0.97,-0.05,0.21,-0.04
1.00,-0.00,-0.03,0.09,0.97,-0.05,0.21,-0.04
1.00,-0.00,-0.03,0.09,0.97,-0.05,0.21,-0.04
1.00,-0.00,-0.03,0.09,0.97,-0.05,0.21,-0.04
1.00,-0.00,-0.03,0.09,0.97,-0.05,0.21,-0.04
1.00,-0.00,-0.03,0.09,0.96,-0.05,0.26,-0.05
1.00,-0.00,-0.03,0.09,0.96,-0.05,0.26,-0.05
1.00,-0.00,-0.03,0.09,0.96,-0.05,0.26,-0.05
1.00,-0.00,-0.03,0.09,0.96,-0.05,0.26,-0.05
1.00,-0.00,-0.03,0.09,0.96,-0.05,0.26,-0.05
1.00,-0.00,-0.03,0.09,0.95,-0.04,0.31,-0.05
1.00,-0.00,-0.03,0.09,0.95,-0.04,0.31,-0.05
1.00,-0.00,-0.03,0.09,0.95,-0.04,0.31,-0.05
1.00,-0.00,-0.03,0.09,0.95,-0.04,0.31,-0.05
1.00,-0.00,-0.03,0.09,0.95,-0.04,0.31,-0.05
1.00,-0.00,-0.03,0.09,0.94,-0.04,0.33,-0.05
1.00,-0.00,-0.03,0.09,0.94,-0.04,0.33,-0.05
1.00,-0.00,-0.03,0.09,0.94,-0.04,0.33,-0.05
1.00,-0.00,-0.03,0.09,0.94,-0.04,0.33,-0.05
1.00,-0.00,-0.03,0.09,0.94,-0.04,0.33,-0.05
1.00,-0.00,-0.03,0.09,0.94,-0.04,0.34,-0.05
1.00,-0.00,-0.03,0.09,0.94,-0.04,0.34,-0.05
1.00,-0.00,-0.03,0.09,0.94,-0.04,0.34,-0.05
1.00,-0.00,-0.03,0.09,0.94,-0.04,0.34,-0.05
1.00,-0.00,-0.03,0.09,0.94,-0.04,0.34,-0.05
1.00,-0.00,-0.03,0.09,0.93,-0.04,0.35,-0.04
1.00,-0.00,-0.03,0.09,0.93,-0.04,0.35,-0.04
1.00,-0.00,-0.03,0.09,0.93,-0.04,0.35,-0.04
1.00,-0.00,-0.03,0.09,0.93,-0.04,0.35,-0.04
1.00,-0.00,-0.03,0.09,0.93,-0.04,0.35,-0.04
1.00,-0.00,-0.03,0.09,0.93,-0.04,0.36,-0.05
1.00,-0.00,-0.03,0.09,0.93,-0.04,0.36,-0.05
1.00,-0.00,-0.03,0.09,0.93,-0.04,0.36,-0.05
1.00,-0.00,-0.03,0.09,0.93,-0.04,0.36,-0.05
1.00,-0.00,-0.03,0.10,0.93,-0.04,0.37,-0.05
1.00,-0.00,-0.03,0.10,0.93,-0.04,0.37,-0.05
1.00,-0.00,-0.03,0.10,0.93,-0.04,0.37,-0.05
0.99,-0.00,-0.03,0.10,0.93,-0.04,0.37,-0.05
0.99,-0.00,-0.03,0.10,0.92,-0.04,0.38,-0.04
0.99,-0.00,-0.03,0.10,0.92,-0.04,0.38,-0.04
0.99,-0.00,-0.03,0.10,0.92,-0.04,0.38,-0.04
0.99,-0.00,-0.03,0.10,0.92,-0.04,0.38,-0.04
0.99,-0.00,-0.03,0.10,0.92,-0.04,0.39,-0.04
0.99,-0.00,-0.03,0.10,0.92,-0.04,0.39,-0.04
0.99,-0.00,-0.03,0.10,0.92,-0.04,0.39,-0.04
0.99,-0.00,-0.03,0.10,0.92,-0.04,0.39,-0.04
0.99,-0.00,-0.03,0.10,0.92,-0.05,0.40,-0.04
0.99,-0.00,-0.03,0.10,0.92,-0.05,0.40,-0.04
0.99,-0.00,-0.03,0.10,0.92,-0.05,0.40,-0.04
0.99,-0.00,-0.03,0.10,0.92,-0.05,0.40,-0.04
0.99,-0.00,-0.03,0.10,0.91,-0.05,0.40,-0.03
0.99,-0.00,-0.03,0.10,0.91,-0.05,0.40,-0.03
0.99,-0.00,-0.03,0.10,0.91,-0.05,0.40,-0.03
0.99,0.00,-0.03,0.10,0.91,-0.05,0.40,-0.03
0.99,0.00,-0.03,0.10,0.91,-0.06,0.41,-0.03
0.99,0.00,-0.03,0.10,0.91,-0.06,0.41,-0.03
0.99,0.00,-0.03,0.10,0.91,-0.06,0.41,-0.03
0.99,0.00,-0.03,0.10,0.91,-0.06,0.41,-0.03
0.99,0.00,-0.03,0.10,0.91,-0.06,0.42,-0.03
0.99,0.00,-0.03,0.10,0.91,-0.06,0.42,-0.03
0.99,0.00,-0.03,0.10,0.91,-0.06,0.42,-0.03
0.99,0.01,-0.03,0.10,0.91,-0.06,0.42,-0.03
0.99,0.01,-0.03,0.10,0.90,-0.06,0.42,-0.03
0.99,0.01,-0.03,0.10,0.90,-0.06,0.42,-0.03
0.99,0.01,-0.03,0.10,0.90,-0.06,0.42,-0.03
0.99,0.01,-0.03,0.10,0.90,-0.06,0.42,-0.03
0.99,0.01,-0.03,0.10,0.90,-0.06,0.43,-0.03
0.99,0.01,-0.03,0.10,0.90,-0.06,0.43,-0.03
0.99,0.01,-0.03,0.10,0.90,-0.06,0.43,-0.03
0.99,0.01,-0.03,0.10,0.90,-0.06,0.43,-0.03
0.99,0.01,-0.03,0.10,0.90,-0.06,0.44,-0.03
0.99,0.01,-0.03,0.10,0.90,-0.06,0.44,-0.03
0.99,0.01,-0.03,0.10,0.90,-0.06,0.44,-0.03
0.99,0.01,-0.03,0.10,0.90,-0.06,0.44,-0.03
0.99,0.01,-0.03,0.10,0.89,-0.06,0.44,-0.03
0.99,0.01,-0.03,0.10,0.89,-0.06,0.44,-0.03
0.99,0.01,-0.03,0.10,0.89,-0.06,0.44,-0.03
0.99,0.01,-0.03,0.10,0.89,-0.06,0.44,-0.03
0.99,0.01,-0.03,0.10,0.89,-0.06,0.45,-0.03
0.99,0.01,-0.03,0.10,0.89,-0.06,0.45,-0.03
0.99,0.01,-0.03,0.10,0.89,-0.06,0.45,-0.03
0.99,0.01,-0.03,0.10,0.89,-0.06,0.45,-0.03
0.99,0.01,-0.03,0.10,0.89,-0.06,0.45,-0.03
0.99,0.01,-0.03,0.10,0.89,-0.06,0.45,-0.03
0.99,0.01,-0.03,0.10,0.89,-0.06,0.45,-0.03
0.99,0.01,-0.03,0.10,0.89,-0.06,0.45,-0.03
0.99,0.02,-0.03,0.10,0.89,-0.06,0.46,-0.02
0.99,0.02,-0.03,0.10,0.89,-0.06,0.46,-0.02
0.99,0.02,-0.03,0.10,0.89,-0.06,0.46,-0.02
0.99,0.02,-0.03,0.10,0.89,-0.06,0.46,-0.02
0.99,0.02,-0.03,0.10,0.88,-0.06,0.46,-0.02
0.99,0.02,-0.03,0.10,0.88,-0.06,0.46,-0.02
0.99,0.02,-0.03,0.10,0.88,-0.06,0.46,-0.02
0.99,0.02,-0.03,0.10,0.88,-0.06,0.46,-0.02
0.99,0.02,-0.03,0.10,0.88,-0.06,0.47,-0.02
0.99,0.02,-0.03,0.10,0.88,-0.06,0.47,-0.02
0.99,0.02,-0.03,0.10,0.88,-0.06,0.47,-0.02
0.99,0.02,-0.03,0.10,0.88,-0.06,0.47,-0.02
0.99,0.02,-0.03,0.10,0.88,-0.06,0.47,-0.02
0.99,0.02,-0.03,0.10,0.88,-0.06,0.47,-0.02
0.99,0.02,-0.03,0.10,0.88,-0.06,0.47,-0.02
0.99,0.02,-0.03,0.10,0.88,-0.06,0.47,-0.02
0.99,0.02,-0.03,0.10,0.88,-0.06,0.48,-0.02
0.99,0.02,-0.03,0.10,0.88,-0.06,0.48,-0.02
0.99,0.02,-0.03,0.10,0.88,-0.06,0.48,-0.02
0.99,0.02,-0.04,0.10,0.88,-0.06,0.48,-0.02
0.99,0.02,-0.04,0.10,0.87,-0.06,0.48,-0.02
0.99,0.02,-0.04,0.10,0.87,-0.06,0.48,-0.02
0.99,0.02,-0.04,0.10,0.87,-0.06,0.48,-0.02
0.99,0.02,-0.04,0.10,0.87,-0.06,0.48,-0.02
0.99,0.02,-0.04,0.10,0.87,-0.06,0.49,-0.02
0.99,0.02,-0.04,0.10,0.87,-0.06,0.49,-0.02
0.99,0.02,-0.04,0.10,0.87,-0.06,0.49,-0.02
0.99,0.02,-0.04,0.10,0.87,-0.06,0.49,-0.02
0.99,0.02,-0.04,0.10,0.87,-0.06,0.49,-0.02
0.99,0.02,-0.04,0.10,0.87,-0.06,0.49,-0.02
0.99,0.02,-0.04,0.10,0.87,-0.06,0.49,-0.02
0.99,0.02,-0.04,0.10,0.87,-0.06,0.49,-0.02
0.99,0.02,-0.04,0.10,0.87,-0.07,0.49,-0.02
0.99,0.02,-0.04,0.10,0.87,-0.07,0.49,-0.02
0.99,0.02,-0.04,0.10,0.87,-0.07,0.49,-0.02
0.99,0.02,-0.04,0.10,0.87,-0.07,0.49,-0.02
0.99,0.02,-0.04,0.10,0.91,-0.09,0.40,-0.03
0.99,0.02,-0.04,0.10,0.91,-0.09,0.40,-0.03
0.99,0.02,-0.04,0.10,0.91,-0.09,0.40,-0.03
0.99,0.02,-0.04,0.10,0.91,-0.09,0.40,-0.03
0.99,0.02,-0.04,0.10,0.95,-0.09,0.30,-0.04
0.99,0.02,-0.04,0.10,0.95,-0.09,0.30,-0.04
0.99,0.02,-0.04,0.10,0.95,-0.09,0.30,-0.04
0.99,0.02,-0.04,0.10,0.95,-0.09,0.30,-0.04
0.99,0.02,-0.04,0.10,0.95,-0.09,0.30,-0.04
0.99,0.02,-0.04,0.10,0.96,-0.10,0.25,-0.04
0.99,0.02,-0.04,0.10,0.96,-0.10,0.25,-0.04
0.99,0.02,-0.04,0.10,0.96,-0.10,0.25,-0.04
0.99,0.02,-0.04,0.10,0.96,-0.10,0.25,-0.04
0.99,0.02,-0.04,0.10,0.97,-0.10,0.22,-0.05
0.99,0.02,-0.04,0.10,0.97,-0.10,0.22,-0.05
0.99,0.02,-0.04,0.10,0.97,-0.10,0.22,-0.05
0.99,0.02,-0.04,0.10,0.97,-0.10,0.22,-0.05
0.99,0.02,-0.04,0.10,0.97,-0.10,0.22,-0.05
0.99,0.02,-0.04,0.10,0.97,-0.10,0.21,-0.05
0.99,0.02,-0.04,0.10,0.97,-0.10,0.21,-0.05
0.99,0.02,-0.04,0.10,0.97,-0.10,0.21,-0.05
0.99,0.02,-0.04,0.10,0.97,-0.10,0.21,-0.05
0.99,0.02,-0.04,0.10,0.97,-0.10,0.21,-0.05
0.99,0.02,-0.04,0.10,0.96,-0.09,0.25,-0.06
0.99,0.02,-0.04,0.10,0.96,-0.09,0.25,-0.06
0.99,0.02,-0.04,0.10,0.96,-0.09,0.25,-0.06
0.99,0.02,-0.04,0.10,0.96,-0.09,0.25,-0.06
0.99,0.02,-0.04,0.10,0.96,-0.09,0.25,-0.06
0.99,0.02,-0.04,0.10,0.94,-0.08,0.33,-0.05
0.99,0.02,-0.04,0.10,0.94,-0.08,0.33,-0.05
0.99,0.02,-0.04,0.10,0.94,-0.08,0.33,-0.05
0.99,0.02,-0.04,0.10,0.94,-0.08,0.33,-0.05
0.99,0.02,-0.04,0.10,0.94,-0.08,0.33,-0.05
0.99,0.02,-0.04,0.10,0.92,-0.07,0.38,-0.05
0.99,0.02,-0.04,0.10,0.92,-0.07,0.38,-0.05
0.99,0.02,-0.04,0.10,0.92,-0.07,0.38,-0.05
0.99,0.02,-0.04,0.10,0.92,-0.07,0.38,-0.05
0.99,0.02,-0.04,0.10,0.92,-0.07,0.38,-0.05
0.99,0.02,-0.04,0.10,0.92,-0.07,0.39,-0.05
0.99,0.02,-0.04,0.10,0.92,-0.07,0.39,-0.05
0.99,0.02,-0.04,0.10,0.92,-0.07,0.39,-0.05
0.99,0.02,-0.04,0.10,0.92,-0.07,0.39,-0.05
0.99,0.02,-0.04,0.10,0.92,-0.07,0.39,-0.05
0.99,0.02,-0.04,0.10,0.92,-0.07,0.38,-0.05
0.99,0.02,-0.04,0.10,0.92,-0.07,0.38,-0.05
0.99,0.02,-0.04,0.10,0.92,-0.07,0.38,-0.05
0.99,0.02,-0.04,0.10,0.92,-0.07,0.38,-0.05
0.99,0.02,-0.04,0.10,0.92,-0.07,0.38,-0.05
0.99,0.02,-0.04,0.10,0.96,-0.08,0.28,-0.05
0.99,0.02,-0.04,0.10,0.96,-0.08,0.28,-0.05
0.99,0.02,-0.04,0.10,0.96,-0.08,0.28,-0.05
0.99,0.02,-0.04,0.10,0.96,-0.08,0.28,-0.05
0.99,0.02,-0.04,0.10,0.96,-0.08,0.28,-0.05
0.99,0.02,-0.04,0.10,0.98,-0.09,0.18,-0.05
0.99,0.02,-0.04,0.10,0.98,-0.09,0.18,-0.05
0.99,0.02,-0.04,0.10,0.98,-0.09,0.18,-0.05
0.99,0.02,-0.04,0.10,0.98,-0.09,0.18,-0.05
0.99,0.02,-0.04,0.10,0.98,-0.09,0.18,-0.05
0.99,0.02,-0.04,0.10,0.98,-0.10,0.14,-0.05
0.99,0.02,-0.04,0.10,0.98,-0.10,0.14,-0.05
0.99,0.02,-0.04,0.10,0.98,-0.10,0.14,-0.05
0.99,0.02,-0.04,0.10,0.98,-0.10,0.14,-0.05
0.99,0.02,-0.04,0.10,0.98,-0.10,0.14,-0.05
0.99,0.02,-0.04,0.10,0.99,-0.11,0.11,-0.06
0.99,0.02,-0.04,0.10,0.99,-0.11,0.11,-0.06
0.99,0.02,-0.04,0.10,0.99,-0.11,0.11,-0.06
0.99,0.02,-0.04,0.10,0.99,-0.11,0.11,-0.06
0.99,0.02,-0.04,0.10,0.99,-0.11,0.11,-0.06
0.99,0.02,-0.04,0.10,0.99,-0.11,0.12,-0.06
0.99,0.02,-0.04,0.10,0.99,-0.11,0.12,-0.06
0.99,0.02,-0.04,0.10,0.99,-0.11,0.12,-0.06
0.99,0.02,-0.04,0.10,0.99,-0.11,0.12,-0.06
0.99,0.02,-0.04,0.10,0.99,-0.11,0.12,-0.06
0.99,0.02,-0.04,0.10,0.98,-0.10,0.18,-0.07
0.99,0.02,-0.04,0.10,0.98,-0.10,0.18,-0.07
0.99,0.02,-0.04,0.10,0.98,-0.10,0.18,-0.07
0.99,0.02,-0.04,0.10,0.98,-0.10,0.18,-0.07
0.99,0.02,-0.04,0.10,0.98,-0.10,0.18,-0.07
0.99,0.02,-0.04,0.10,0.96,-0.09,0.25,-0.06
0.99,0.02,-0.04,0.10,0.96,-0.09,0.25,-0.06
0.99,0.02,-0.04,0.10,0.96,-0.09,0.25,-0.06
0.99,0.02,-0.04,0.10,0.96,-0.09,0.25,-0.06
0.99,0.02,-0.04,0.10,0.96,-0.09,0.25,-0.06
0.99,0.02,-0.04,0.10,0.95,-0.07,0.30,-0.06
0.99,0.02,-0.04,0.10,0.95,-0.07,0.30,-0.06
0.99,0.02,-0.04,0.10,0.95,-0.07,0.30,-0.06
0.99,0.02,-0.04,0.10,0.95,-0.07,0.30,-0.06
0.99,0.02,-0.04,0.10,0.95,-0.07,0.30,-0.06
0.99,0.02,-0.04,0.10,0.95,-0.07,0.31,-0.06
0.99,0.02,-0.04,0.10,0.95,-0.07,0.31,-0.06
0.99,0.02,-0.04,0.10,0.95,-0.07,0.31,-0.06
0.99,0.02,-0.04,0.10,0.95,-0.07,0.31,-0.06
0.99,0.02,-0.04,0.10,0.95,-0.07,0.31,-0.06
0.99,0.02,-0.04,0.10,0.95,-0.08,0.29,-0.06
0.99,0.02,-0.04,0.10,0.95,-0.08,0.29,-0.06
0.99,0.02,-0.04,0.10,0.95,-0.08,0.29,-0.06
0.99,0.02,-0.04,0.10,0.95,-0.08,0.29,-0.06
0.99,0.02,-0.04,0.10,0.95,-0.08,0.29,-0.06
0.99,0.02,-0.04,0.10,0.96,-0.07,0.25,-0.05
0.99,0.02,-0.04,0.10,0.96,-0.07,0.25,-0.05
0.99,0.02,-0.04,0.10,0.96,-0.07,0.25,-0.05
0.99,0.02,-0.04,0.10,0.96,-0.07,0.25,-0.05
0.99,0.02,-0.04,0.10,0.96,-0.07,0.25,-0.05
0.99,0.02,-0.04,0.10,0.97,-0.07,0.22,-0.05
0.99,0.02,-0.04,0.10,0.97,-0.07,0.22,-0.05
0.99,0.02,-0.04,0.10,0.97,-0.07,0.22,-0.05
0.99,0.02,-0.04,0.10,0.97,-0.07,0.22,-0.05
0.99,0.02,-0.04,0.10,0.97,-0.07,0.22,-0.05
0.99,0.02,-0.04,0.10,0.98,-0.06,0.20,-0.04
0.99,0.02,-0.04,0.10,0.98,-0.06,0.20,-0.04
0.99,0.02,-0.04,0.10,0.98,-0.06,0.20,-0.04
0.99,0.02,-0.04,0.10,0.98,-0.06,0.20,-0.04
0.99,0.02,-0.04,0.10,0.98,-0.06,0.20,-0.04
0.99,0.02,-0.04,0.10,0.98,-0.02,0.17,-0.05
0.99,0.02,-0.04,0.10,0.98,-0.02,0.17,-0.05
0.99,0.02,-0.04,0.10,0.98,-0.02,0.17,-0.05
0.99,0.02,-0.04,0.10,0.98,-0.02,0.17,-0.05
0.99,0.02,-0.04,0.10,0.98,-0.02,0.17,-0.05
0.99,0.02,-0.04,0.10,0.98,0.05,0.16,-0.05
0.99,0.02,-0.04,0.10,0.98,0.05,0.16,-0.05
0.99,0.02,-0.04,0.10,0.98,0.05,0.16,-0.05
0.99,0.02,-0.04,0.10,0.98,0.05,0.16,-0.05
0.99,0.02,-0.04,0.10,0.98,0.05,0.16,-0.05
0.99,0.02,-0.04,0.10,0.98,0.10,0.14,-0.06
0.99,0.02,-0.04,0.10,0.98,0.10,0.14,-0.06
0.99,0.02,-0.04,0.10,0.98,0.10,0.14,-0.06
0.99,0.02,-0.04,0.10,0.98,0.10,0.14,-0.06
0.99,0.02,-0.04,0.10,0.98,0.10,0.14,-0.06
0.99,0.02,-0.04,0.10,0.98,0.11,0.14,-0.05
0.99,0.02,-0.04,0.10,0.98,0.11,0.14,-0.05
0.99,0.02,-0.04,0.10,0.98,0.11,0.14,-0.05
0.99,0.02,-0.04,0.10,0.98,0.11,0.14,-0.05
0.99,0.02,-0.04,0.10,0.98,0.11,0.14,-0.05
0.99,0.02,-0.04,0.10,0.99,0.06,0.14,-0.05
0.99,0.02,-0.04,0.10,0.99,0.06,0.14,-0.05
0.99,0.02,-0.04,0.10,0.99,0.06,0.14,-0.05
0.99,0.02,-0.04,0.10,0.99,0.06,0.14,-0.05
0.99,0.02,-0.04,0.10,0.99,0.06,0.14,-0.05
0.99,0.02,-0.04,0.10,0.99,0.00,0.13,-0.04
0.99,0.02,-0.04,0.10,0.99,0.00,0.13,-0.04
0.99,0.02,-0.04,0.10,0.99,0.00,0.13,-0.04
0.99,0.02,-0.04,0.10,0.99,0.00,0.13,-0.04
0.99,0.02,-0.04,0.10,0.99,0.00,0.13,-0.04
0.99,0.02,-0.04,0.10,0.99,-0.06,0.13,-0.04
0.99,0.02,-0.04,0.10,0.99,-0.06,0.13,-0.04
0.99,0.02,-0.04,0.10,0.99,-0.06,0.13,-0.04
0.99,0.02,-0.04,0.10,0.99,-0.06,0.13,-0.04
0.99,0.02,-0.04,0.10,0.99,-0.06,0.13,-0.04
0.99,0.02,-0.04,0.10,0.99,-0.10,0.13,-0.04
0.99,0.02,-0.04,0.10,0.99,-0.10,0.13,-0.04
0.99,0.02,-0.04,0.10,0.99,-0.10,0.13,-0.04
0.99,0.02,-0.04,0.10,0.99,-0.10,0.13,-0.04
0.99,0.02,-0.04,0.10,0.99,-0.10,0.13,-0.04
0.99,0.02,-0.04,0.10,0.98,-0.15,0.13,-0.03
0.99,0.02,-0.04,0.10,0.98,-0.15,0.13,-0.03
0.99,0.02,-0.04,0.10,0.98,-0.15,0.13,-0.03
0.99,0.02,-0.04,0.10,0.98,-0.15,0.13,-0.03
0.99,0.02,-0.04,0.10,0.98,-0.15,0.13,-0.03
0.99,0.02,-0.04,0.10,0.97,-0.21,0.14,-0.02
0.99,0.02,-0.04,0.10,0.97,-0.21,0.14,-0.02
0.99,0.02,-0.04,0.10,0.97,-0.21,0.14,-0.02
0.99,0.02,-0.04,0.10,0.97,-0.21,0.14,-0.02
0.99,0.02,-0.04,0.10,0.97,-0.21,0.14,-0.02
0.99,0.02,-0.04,0.10,0.95,-0.26,0.15,-0.02
0.99,0.02,-0.04,0.10,0.95,-0.26,0.15,-0.02
0.99,0.02,-0.04,0.10,0.95,-0.26,0.15,-0.02
0.99,0.02,-0.04,0.10,0.95,-0.26,0.15,-0.02
0.99,0.02,-0.04,0.10,0.95,-0.26,0.15,-0.02
0.99,0.02,-0.04,0.10,0.94,-0.31,0.16,-0.01
0.99,0.02,-0.04,0.10,0.94,-0.31,0.16,-0.01
0.99,0.02,-0.04,0.10,0.94,-0.31,0.16,-0.01
0.99,0.02,-0.04,0.10,0.94,-0.31,0.16,-0.01
0.99,0.02,-0.04,0.10,0.94,-0.31,0.16,-0.01
0.99,0.02,-0.04,0.10,0.95,-0.27,0.15,-0.03
0.99,0.02,-0.04,0.10,0.95,-0.27,0.15,-0.03
0.99,0.02,-0.04,0.10,0.95,-0.27,0.15,-0.03
0.99,0.02,-0.04,0.10,0.95,-0.27,0.15,-0.03
0.99,0.02,-0.04,0.10,0.95,-0.27,0.15,-0.03
0.99,0.02,-0.04,0.10,0.97,-0.20,0.14,-0.05
0.99,0.02,-0.04,0.10,0.97,-0.20,0.14,-0.05
0.99,0.02,-0.04,0.10,0.97,-0.20,0.14,-0.05
0.99,0.02,-0.04,0.10,0.97,-0.20,0.14,-0.05
0.99,0.02,-0.04,0.10,0.97,-0.20,0.14,-0.05
0.99,0.02,-0.04,0.10,0.98,-0.15,0.12,-0.06
0.99,0.02,-0.04,0.10,0.98,-0.15,0.12,-0.06
0.99,0.02,-0.04,0.10,0.98,-0.15,0.12,-0.06
0.99,0.02,-0.04,0.10,0.98,-0.15,0.12,-0.06
0.99,0.02,-0.04,0.10,0.98,-0.15,0.12,-0.06
0.99,0.02,-0.04,0.10,0.99,-0.07,0.11,-0.07
0.99,0.02,-0.04,0.10,0.99,-0.07,0.11,-0.07
0.99,0.02,-0.04,0.10,0.99,-0.07,0.11,-0.07
0.99,0.02,-0.04,0.10,0.99,-0.07,0.11,-0.07
0.99,0.02,-0.04,0.10,0.99,-0.07,0.11,-0.07
0.99,0.02,-0.04,0.10,0.99,0.00,0.10,-0.08
0.99,0.02,-0.04,0.10,0.99,0.00,0.10,-0.08
0.99,0.02,-0.04,0.10,0.99,0.00,0.10,-0.08
0.99,0.02,-0.04,0.10,0.99,0.00,0.10,-0.08
0.99,0.02,-0.04,0.10,0.99,0.00,0.10,-0.08
0.99,0.02,-0.04,0.10,0.99,0.06,0.10,-0.08
0.99,0.02,-0.04,0.10,0.99,0.06,0.10,-0.08
0.99,0.02,-0.04,0.10,0.99,0.06,0.10,-0.08
0.99,0.02,-0.04,0.10,0.99,0.06,0.10,-0.08
0.99,0.02,-0.04,0.10,0.99,0.06,0.10,-0.08
0.99,0.02,-0.04,0.10,0.99,0.10,0.10,-0.08
0.99,0.02,-0.04,0.10,0.99,0.10,0.10,-0.08
0.99,0.02,-0.04,0.10,0.99,0.10,0.10,-0.08
0.99,0.02,-0.04,0.10,0.99,0.10,0.10,-0.08
0.99,0.02,-0.04,0.10,0.99,0.10,0.10,-0.08
0.99,0.02,-0.04,0.10,0.99,0.11,0.10,-0.07
0.99,0.02,-0.04,0.10,0.99,0.11,0.10,-0.07
0.99,0.02,-0.04,0.10,0.99,0.11,0.10,-0.07
0.99,0.02,-0.04,0.10,0.99,0.11,0.10,-0.07
0.99,0.02,-0.04,0.10,0.99,0.11,0.10,-0.07
0.99,0.02,-0.04,0.10,0.99,0.07,0.10,-0.06
0.99,0.02,-0.04,0.10,0.99,0.07,0.10,-0.06
0.99,0.02,-0.04,0.10,0.99,0.07,0.10,-0.06
0.99,0.02,-0.04,0.10,0.99,0.07,0.10,-0.06
0.99,0.02,-0.04,0.10,0.99,0.07,0.10,-0.06
0.99,0.02,-0.04,0.10,0.99,0.00,0.10,-0.06
0.99,0.02,-0.04,0.10,0.99,0.00,0.10,-0.06
0.99,0.02,-0.04,0.10,0.99,0.00,0.10,-0.06
0.99,0.02,-0.04,0.10,0.99,0.00,0.10,-0.06
0.99,0.02,-0.04,0.10,0.99,0.00,0.10,-0.06
0.99,0.02,-0.04,0.10,0.99,-0.01,0.09,-0.06
0.99,0.02,-0.04,0.10,0.99,-0.01,0.09,-0.06
0.99,0.02,-0.04,0.10,0.99,-0.01,0.09,-0.06
0.99,0.02,-0.04,0.10,0.99,-0.01,0.09,-0.06
0.99,0.02,-0.04,0.10,0.99,-0.01,0.09,-0.06
0.99,0.02,-0.04,0.10,0.99,-0.03,0.08,-0.06
0.99,0.02,-0.04,0.10,0.99,-0.03,0.08,-0.06
0.99,0.02,-0.04,0.10,0.99,-0.03,0.08,-0.06
0.99,0.02,-0.04,0.10,0.99,-0.03,0.08,-0.06
0.99,0.02,-0.04,0.10,0.99,-0.03,0.08,-0.06
0.99,0.02,-0.04,0.10,0.99,-0.03,0.08,-0.05
0.99,0.02,-0.04,0.10,0.99,-0.03,0.08,-0.05
0.99,0.02,-0.04,0.10,0.99,-0.03,0.08,-0.05
0.99,0.02,-0.04,0.10,0.99,-0.03,0.08,-0.05
0.99,0.02,-0.04,0.10,0.99,-0.03,0.08,-0.05
0.99,0.02,-0.04,0.10,1.00,-0.03,0.07,-0.05
0.99,0.02,-0.04,0.10,1.00,-0.03,0.07,-0.05
0.99,0.02,-0.04,0.10,1.00,-0.03,0.07,-0.05
0.99,0.02,-0.04,0.10,1.00,-0.03,0.07,-0.05
0.99,0.02,-0.04,0.10,1.00,-0.03,0.07,-0.05
0.99,0.02,-0.04,0.10,1.00,-0.03,0.07,-0.05
0.99,0.02,-0.04,0.10,1.00,-0.03,0.07,-0.05
0.99,0.02,-0.04,0.10,1.00,-0.03,0.07,-0.05
0.99,0.02,-0.04,0.10,1.00,-0.03,0.07,-0.05
0.99,0.02,-0.04,0.10,1.00,-0.03,0.07,-0.05
0.99,0.02,-0.04,0.10,1.00,-0.04,0.07,-0.05
0.99,0.02,-0.04,0.10,1.00,-0.04,0.07,-0.05
0.99,0.02,-0.04,0.10,1.00,-0.04,0.07,-0.05
0.99,0.02,-0.04,0.10,1.00,-0.04,0.07,-0.05
0.99,0.02,-0.04,0.10,1.00,-0.04,0.07,-0.05
0.99,0.02,-0.04,0.10,0.99,-0.06,0.07,-0.05
0.99,0.02,-0.04,0.10,0.99,-0.06,0.07,-0.05
0.99,0.02,-0.04,0.10,0.99,-0.06,0.07,-0.05
0.99,0.02,-0.04,0.10,0.99,-0.06,0.07,-0.05
0.99,0.02,-0.04,0.10,0.99,-0.06,0.07,-0.05
0.99,0.02,-0.04,0.10,0.99,-0.06,0.06,-0.05
0.99,0.02,-0.04,0.10,0.99,-0.06,0.06,-0.05
0.99,0.02,-0.04,0.10,0.99,-0.06,0.06,-0.05
0.99,0.02,-0.04,0.10,0.99,-0.06,0.06,-0.05
0.99,0.02,-0.04,0.10,0.99,-0.06,0.06,-0.05
0.99,0.02,-0.04,0.10,0.99,-0.06,0.06,-0.05
0.99,0.02,-0.04,0.10,0.99,-0.06,0.06,-0.05
0.99,0.02,-0.04,0.10,0.99,-0.06,0.06,-0.05
0.99,0.02,-0.04,0.10,0.99,-0.06,0.06,-0.05
0.99,0.02,-0.04,0.10,0.99,-0.06,0.06,-0.05
0.99,0.02,-0.04,0.10,0.99,-0.07,0.05,-0.06
0.99,0.02,-0.04,0.10,0.99,-0.07,0.05,-0.06
0.99,0.02,-0.04,0.10,0.99,-0.07,0.05,-0.06
0.99,0.02,-0.04,0.10,0.99,-0.07,0.05,-0.06
0.99,0.02,-0.04,0.10,0.99,-0.07,0.05,-0.06
0.99,0.02,-0.04,0.10,0.99,-0.08,-0.04,-0.07
0.99,0.02,-0.04,0.10,0.99,-0.08,-0.04,-0.07
0.99,0.02,-0.04,0.10,0.99,-0.08,-0.04,-0.07
0.99,0.02,-0.04,0.10,0.99,-0.08,-0.04,-0.07
0.99,0.02,-0.04,0.10,0.99,-0.08,-0.04,-0.07
0.99,0.02,-0.04,0.10,0.99,-0.07,-0.13,-0.06
0.99,0.02,-0.04,0.10,0.99,-0.07,-0.13,-0.06
0.99,0.02,-0.04,0.10,0.99,-0.07,-0.13,-0.06
0.99,0.02,-0.04,0.10,0.99,-0.07,-0.13,-0.06
0.99,0.02,-0.04,0.10,0.99,-0.07,-0.13,-0.06
0.99,0.02,-0.04,0.10,0.98,-0.08,-0.16,-0.06
0.99,0.02,-0.04,0.10,0.98,-0.08,-0.16,-0.06
0.99,0.02,-0.04,0.10,0.98,-0.08,-0.16,-0.06
0.99,0.02,-0.04,0.10,0.98,-0.08,-0.16,-0.06
0.99,0.02,-0.04,0.10,0.98,-0.08,-0.16,-0.06
0.99,0.02,-0.04,0.10,0.99,-0.09,-0.13,-0.06
0.99,0.02,-0.04,0.10,0.99,-0.09,-0.13,-0.06
0.99,0.02,-0.04,0.10,0.99,-0.09,-0.13,-0.06
0.99,0.02,-0.04,0.10,0.99,-0.09,-0.13,-0.06
0.99,0.02,-0.04,0.10,0.99,-0.09,-0.13,-0.06
0.99,0.02,-0.04,0.10,0.99,-0.08,-0.06,-0.07
0.99,0.02,-0.04,0.10,0.99,-0.08,-0.06,-0.07
0.99,0.02,-0.04,0.10,0.99,-0.08,-0.06,-0.07
0.99,0.02,-0.04,0.10,0.99,-0.08,-0.06,-0.07
0.99,0.02,-0.04,0.10,0.99,-0.08,-0.06,-0.07
0.99,0.02,-0.04,0.10,1.00,-0.07,-0.02,-0.06
0.99,0.02,-0.04,0.10,1.00,-0.07,-0.02,-0.06
0.99,0.02,-0.04,0.10,1.00,-0.07,-0.02,-0.06
0.99,0.02,-0.04,0.10,1.00,-0.07,-0.02,-0.06
0.99,0.02,-0.04,0.10,1.00,-0.07,-0.02,-0.06
0.99,0.02,-0.04,0.10,0.99,-0.06,-0.05,-0.08
0.99,0.02,-0.04,0.10,0.99,-0.06,-0.05,-0.08
0.99,0.02,-0.04,0.10,0.99,-0.06,-0.05,-0.08
0.99,0.02,-0.04,0.10,0.99,-0.06,-0.05,-0.08
0.99,0.02,-0.04,0.10,0.99,-0.06,-0.05,-0.08
0.99,0.02,-0.04,0.10,0.99,-0.06,-0.05,-0.08
0.99,0.02,-0.04,0.10,0.99,-0.06,-0.05,-0.08
0.99,0.02,-0.04,0.10,0.99,-0.06,-0.05,-0.08
0.99,0.02,-0.04,0.10,0.99,-0.06,-0.05,-0.08
0.99,0.02,-0.04,0.10,0.99,-0.06,-0.05,-0.08
0.99,0.02,-0.04,0.10,0.99,-0.08,-0.01,-0.08
0.99,0.02,-0.04,0.10,0.99,-0.08,-0.01,-0.08
0.99,0.02,-0.04,0.10,0.99,-0.08,-0.01,-0.08
0.99,0.02,-0.04,0.10,0.99,-0.08,-0.01,-0.08
0.99,0.02,-0.04,0.10,0.99,-0.08,-0.01,-0.08
0.99,0.02,-0.04,0.10,0.99,-0.07,0.01,-0.08
0.99,0.02,-0.04,0.10,0.99,-0.07,0.01,-0.08
0.99,0.02,-0.04,0.10,0.99,-0.07,0.01,-0.08
0.99,0.02,-0.04,0.10,0.99,-0.07,0.01,-0.08
0.99,0.02,-0.04,0.10,0.99,-0.07,0.01,-0.08
0.99,0.02,-0.04,0.10,0.99,-0.07,-0.01,-0.08
0.99,0.02,-0.04,0.10,0.99,-0.07,-0.01,-0.08
0.99,0.02,-0.04,0.10,0.99,-0.07,-0.01,-0.08
0.99,0.02,-0.04,0.10,0.99,-0.07,-0.01,-0.08
0.99,0.02,-0.04,0.10,0.99,-0.07,-0.01,-0.08
0.99,0.02,-0.04,0.10,0.99,-0.07,-0.02,-0.09
0.99,0.02,-0.04,0.10,0.99,-0.07,-0.02,-0.09
0.99,0.02,-0.04,0.10,0.99,-0.07,-0.02,-0.09
0.99,0.02,-0.04,0.10,0.99,-0.07,-0.02,-0.09
0.99,0.02,-0.04,0.10,0.99,-0.07,-0.02,-0.09
0.99,0.02,-0.04,0.10,0.99,-0.07,-0.02,-0.09
0.99,0.02,-0.04,0.10,0.99,-0.07,-0.02,-0.09
0.99,0.02,-0.04,0.10,0.99,-0.07,-0.02,-0.09
0.99,0.02,-0.04,0.10,0.99,-0.07,-0.02,-0.09
0.99,0.02,-0.04,0.10,0.99,-0.07,-0.02,-0.09
0.99,0.02,-0.04,0.10,0.99,-0.06,-0.02,-0.09
0.99,0.02,-0.04,0.10,0.99,-0.06,-0.02,-0.09
0.99,0.02,-0.04,0.10,0.99,-0.06,-0.02,-0.09
0.99,0.02,-0.04,0.10,0.99,-0.06,-0.02,-0.09
0.99,0.02,-0.04,0.10,0.99,-0.06,-0.02,-0.09
0.99,0.02,-0.04,0.10,0.99,-0.07,-0.01,-0.09
0.99,0.02,-0.04,0.10,0.99,-0.07,-0.01,-0.09
0.99,0.02,-0.04,0.10,0.99,-0.07,-0.01,-0.09
0.99,0.02,-0.04,0.10,0.99,-0.07,-0.01,-0.09
0.99,0.02,-0.04,0.10,0.99,-0.07,-0.01,-0.09
0.99,0.02,-0.04,0.10,0.99,-0.08,0.01,-0.09
0.99,0.02,-0.04,0.10,0.99,-0.08,0.01,-0.09
0.99,0.02,-0.04,0.10,0.99,-0.08,0.01,-0.09
0.99,0.02,-0.04,0.10,0.99,-0.08,0.01,-0.09
0.99,0.02,-0.04,0.10,0.99,-0.08,0.01,-0.09
0.99,0.02,-0.04,0.10,0.99,-0.08,0.01,-0.09
0.99,0.02,-0.04,0.10,0.99,-0.08,0.01,-0.09
0.99,0.02,-0.04,0.10,0.99,-0.08,0.01,-0.09
0.99,0.02,-0.04,0.10,0.99,-0.08,0.01,-0.09
0.99,0.02,-0.04,0.10,0.99,-0.08,0.01,-0.09
0.99,0.02,-0.04,0.10,0.99,-0.07,0.00,-0.09
0.99,0.02,-0.04,0.10,0.99,-0.07,0.00,-0.09
0.99,0.02,-0.04,0.10,0.99,-0.07,0.00,-0.09
0.99,0.02,-0.04,0.10,0.99,-0.07,0.00,-0.09
0.99,0.02,-0.04,0.10,0.99,-0.07,0.00,-0.09
0.99,0.02,-0.04,0.10,0.99,-0.07,-0.01,-0.09
0.99,0.02,-0.04,0.10,0.99,-0.07,-0.01,-0.09
0.99,0.02,-0.04,0.10,0.99,-0.07,-0.01,-0.09
0.99,0.02,-0.04,0.10,0.99,-0.07,-0.01,-0.09
0.99,0.02,-0.04,0.10,0.99,-0.07,-0.01,-0.09
0.99,0.02,-0.04,0.10,0.99,-0.07,-0.00,-0.09
0.99,0.02,-0.04,0.10,0.99,-0.07,-0.00,-0.09
0.99,0.02,-0.04,0.10,0.99,-0.07,-0.00,-0.09
0.99,0.02,-0.04,0.10,0.99,-0.07,-0.00,-0.09
0.99,0.02,-0.04,0.10,0.99,-0.07,-0.00,-0.09
0.99,0.02,-0.04,0.10,0.99,-0.07,-0.01,-0.10
0.99,0.02,-0.04,0.10,0.99,-0.07,-0.01,-0.10
0.99,0.02,-0.04,0.10,0.99,-0.07,-0.01,-0.10
0.99,0.02,-0.04,0.10,0.99,-0.07,-0.01,-0.10
0.99,0.02,-0.04,0.10,0.99,-0.07,-0.01,-0.10
0.99,0.02,-0.04,0.10,0.99,-0.08,-0.01,-0.10
0.99,0.02,-0.04,0.10,0.99,-0.08,-0.01,-0.10
0.99,0.02,-0.04,0.10,0.99,-0.08,-0.01,-0.10
0.99,0.02,-0.04,0.10,0.99,-0.08,-0.01,-0.10
0.99,0.02,-0.04,0.10,0.99,-0.08,-0.01,-0.10
0.99,0.02,-0.04,0.10,0.99,-0.06,0.02,-0.10
0.99,0.02,-0.04,0.10,0.99,-0.06,0.02,-0.10
0.99,0.02,-0.04,0.10,0.99,-0.06,0.02,-0.10
0.99,0.02,-0.04,0.10,0.99,-0.06,0.02,-0.10
0.99,0.02,-0.04,0.10,0.99,-0.06,0.02,-0.10
0.99,0.02,-0.04,0.10,0.99,-0.06,0.05,-0.09
0.99,0.02,-0.04,0.10,0.99,-0.06,0.05,-0.09
0.99,0.02,-0.04,0.10,0.99,-0.06,0.05,-0.09
0.99,0.02,-0.04,0.10,0.99,-0.06,0.05,-0.09
0.99,0.02,-0.04,0.10,0.99,-0.06,0.05,-0.09
0.99,0.02,-0.04,0.10,0.99,-0.05,0.06,-0.09
0.99,0.02,-0.04,0.10,0.99,-0.05,0.06,-0.09
0.99,0.02,-0.04,0.10,0.99,-0.05,0.06,-0.09
0.99,0.02,-0.04,0.10,0.99,-0.05,0.06,-0.09
0.99,0.02,-0.04,0.10,0.99,-0.05,0.06,-0.09
0.99,0.02,-0.04,0.10,0.99,-0.05,0.07,-0.09
0.99,0.02,-0.04,0.10,0.99,-0.05,0.07,-0.09
0.99,0.02,-0.04,0.10,0.99,-0.05,0.07,-0.09
0.99,0.02,-0.04,0.10,0.99,-0.05,0.07,-0.09
0.99,0.02,-0.04,0.10,0.99,-0.05,0.07,-0.09
0.99,0.02,-0.04,0.10,0.99,-0.05,0.08,-0.10
0.99,0.02,-0.04,0.10,0.99,-0.05,0.08,-0.10
0.99,0.02,-0.04,0.10,0.99,-0.05,0.08,-0.10
0.99,0.02,-0.04,0.10,0.99,-0.05,0.08,-0.10
0.99,0.02,-0.04,0.10,0.99,-0.05,0.08,-0.10
0.99,0.02,-0.04,0.10,0.99,-0.05,0.09,-0.09
0.99,0.02,-0.04,0.10,0.99,-0.05,0.09,-0.09
0.99,0.02,-0.04,0.10,0.99,-0.05,0.09,-0.09
0.99,0.02,-0.04,0.10,0.99,-0.05,0.09,-0.09
0.99,0.02,-0.04,0.10,0.99,-0.05,0.09,-0.09
0.99,0.02,-0.04,0.10,0.99,-0.05,0.10,-0.09
0.99,0.02,-0.04,0.10,0.99,-0.05,0.10,-0.09
0.99,0.02,-0.04,0.10,0.99,-0.05,0.10,-0.09
0.99,0.02,-0.04,0.10,0.99,-0.05,0.10,-0.09
0.99,0.02,-0.04,0.10,0.99,-0.05,0.10,-0.09
0.99,0.02,-0.04,0.10,0.99,-0.06,0.12,-0.09
0.99,0.02,-0.04,0.10,0.99,-0.06,0.12,-0.09
0.99,0.02,-0.04,0.10,0.99,-0.06,0.12,-0.09
0.99,0.02,-0.04,0.10,0.99,-0.06,0.12,-0.09
0.99,0.02,-0.04,0.10,0.99,-0.06,0.12,-0.09
0.99,0.02,-0.04,0.10,0.99,-0.04,0.14,-0.09
0.99,0.02,-0.04,0.10,0.99,-0.04,0.14,-0.09
0.99,0.02,-0.04,0.10,0.99,-0.04,0.14,-0.09
0.99,0.02,-0.04,0.10,0.99,-0.04,0.14,-0.09
0.99,0.02,-0.04,0.10,0.99,-0.04,0.14,-0.09
0.99,0.02,-0.04,0.10,0.98,-0.03,0.15,-0.09
0.99,0.02,-0.04,0.10,0.98,-0.03,0.15,-0.09
0.99,0.02,-0.04,0.10,0.98,-0.03,0.15,-0.09
0.99,0.02,-0.04,0.10,0.98,-0.03,0.15,-0.09
0.99,0.02,-0.04,0.10,0.98,-0.03,0.15,-0.09
0.99,0.02,-0.04,0.10,0.98,-0.02,0.16,-0.09
0.99,0.02,-0.04,0.10,0.98,-0.02,0.16,-0.09
0.99,0.02,-0.04,0.10,0.98,-0.02,0.16,-0.09
0.99,0.02,-0.04,0.10,0.98,-0.02,0.16,-0.09
0.99,0.02,-0.04,0.10,0.98,-0.02,0.16,-0.09
0.99,0.02,-0.04,0.10,0.98,-0.02,0.16,-0.09
0.99,0.02,-0.04,0.10,0.98,-0.02,0.16,-0.09
0.99,0.02,-0.04,0.10,0.98,-0.02,0.16,-0.09
0.99,0.02,-0.04,0.10,0.98,-0.02,0.16,-0.09
0.99,0.02,-0.04,0.10,0.98,-0.02,0.16,-0.09
0.99,0.02,-0.04,0.10,0.98,-0.02,0.17,-0.09
0.99,0.02,-0.04,0.10,0.98,-0.02,0.17,-0.09
0.99,0.02,-0.04,0.10,0.98,-0.02,0.17,-0.09
0.99,0.02,-0.04,0.10,0.98,-0.02,0.17,-0.09
0.99,0.02,-0.04,0.10,0.98,-0.02,0.17,-0.09
0.99,0.02,-0.04,0.10,0.98,-0.02,0.17,-0.09
0.99,0.02,-0.04,0.10,0.98,-0.02,0.17,-0.09
0.99,0.02,-0.04,0.10,0.98,-0.02,0.17,-0.09
0.99,0.02,-0.04,0.10,0.98,-0.02,0.17,-0.09
0.99,0.02,-0.04,0.10,0.98,-0.02,0.17,-0.09
0.99,0.02,-0.04,0.10,0.99,-0.02,0.15,-0.09
0.99,0.02,-0.04,0.10,0.99,-0.02,0.15,-0.09
0.99,0.02,-0.04,0.10,0.99,-0.02,0.15,-0.09
0.99,0.02,-0.04,0.10,0.99,-0.02,0.15,-0.09
0.99,0.02,-0.04,0.10,0.99,-0.02,0.15,-0.09
0.99,0.02,-0.04,0.10,0.99,-0.02,0.11,-0.09
0.99,0.02,-0.04,0.10,0.99,-0.02,0.11,-0.09
0.99,0.02,-0.04,0.10,0.99,-0.02,0.11,-0.09
0.99,0.02,-0.04,0.10,0.99,-0.02,0.11,-0.09
0.99,0.02,-0.04,0.10,0.99,-0.02,0.11,-0.09
0.99,0.02,-0.04,0.10,0.99,-0.05,0.07,-0.09
0.99,0.02,-0.04,0.10,0.99,-0.05,0.07,-0.09
0.99,0.02,-0.04,0.10,0.99,-0.05,0.07,-0.09
0.99,0.02,-0.04,0.10,0.99,-0.05,0.07,-0.09
0.99,0.02,-0.04,0.10,0.99,-0.05,0.07,-0.09
0.99,0.02,-0.04,0.10,0.99,-0.07,0.02,-0.09
0.99,0.02,-0.04,0.10,0.99,-0.07,0.02,-0.09
0.99,0.02,-0.04,0.10,0.99,-0.07,0.02,-0.09
0.99,0.02,-0.04,0.10,0.99,-0.07,0.02,-0.09
0.99,0.02,-0.04,0.10,0.99,-0.07,0.02,-0.09
0.99,0.02,-0.04,0.10,0.99,-0.07,-0.00,-0.09
0.99,0.02,-0.04,0.10,0.99,-0.07,-0.00,-0.09
0.99,0.02,-0.04,0.10,0.99,-0.07,-0.00,-0.09
0.99,0.02,-0.04,0.10,0.99,-0.07,-0.00,-0.09
0.99,0.02,-0.04,0.10,0.99,-0.07,-0.00,-0.09
0.99,0.02,-0.04,0.10,0.99,-0.06,-0.04,-0.09
0.99,0.02,-0.04,0.10,0.99,-0.06,-0.04,-0.09
0.99,0.02,-0.04,0.10,0.99,-0.06,-0.04,-0.09
0.99,0.02,-0.04,0.10,0.99,-0.06,-0.04,-0.09
0.99,0.02,-0.04,0.10,0.99,-0.06,-0.04,-0.09
0.99,0.02,-0.04,0.10,0.99,-0.05,-0.06,-0.09
0.99,0.02,-0.04,0.10,0.99,-0.05,-0.06,-0.09
0.99,0.02,-0.04,0.10,0.99,-0.05,-0.06,-0.09
0.99,0.02,-0.04,0.10,0.99,-0.05,-0.06,-0.09
0.99,0.02,-0.04,0.10,0.99,-0.05,-0.06,-0.09
0.99,0.02,-0.04,0.10,0.99,-0.06,-0.07,-0.10
0.99,0.02,-0.04,0.10,0.99,-0.06,-0.07,-0.10
0.99,0.02,-0.04,0.10,0.99,-0.06,-0.07,-0.10
0.99,0.02,-0.04,0.10,0.99,-0.06,-0.07,-0.10
0.99,0.02,-0.04,0.10,0.99,-0.06,-0.07,-0.10
0.99,0.02,-0.04,0.10,0.99,-0.05,-0.08,-0.10
0.99,0.02,-0.04,0.10,0.99,-0.05,-0.08,-0.10
0.99,0.02,-0.04,0.10,0.99,-0.05,-0.08,-0.10
0.99,0.02,-0.04,0.10,0.99,-0.05,-0.08,-0.10
0.99,0.02,-0.04,0.10,0.99,-0.05,-0.08,-0.10
0.99,0.02,-0.04,0.10,0.99,-0.05,-0.09,-0.10
0.99,0.02,-0.04,0.10,0.99,-0.05,-0.09,-0.10
0.99,0.02,-0.04,0.10,0.99,-0.05,-0.09,-0.10
0.99,0.02,-0.04,0.10,0.99,-0.05,-0.09,-0.10
0.99,0.02,-0.04,0.10,0.99,-0.05,-0.09,-0.10
0.99,0.02,-0.04,0.10,0.99,-0.05,-0.10,-0.10
0.99,0.02,-0.04,0.10,0.99,-0.05,-0.10,-0.10
0.99,0.02,-0.04,0.10,0.99,-0.05,-0.10,-0.10
0.99,0.02,-0.04,0.10,0.99,-0.05,-0.10,-0.10
0.99,0.02,-0.04,0.10,0.99,-0.05,-0.10,-0.10
0.99,0.02,-0.04,0.10,0.99,-0.05,-0.12,-0.10
0.99,0.02,-0.04,0.10,0.99,-0.05,-0.12,-0.10
0.99,0.02,-0.04,0.10,0.99,-0.05,-0.12,-0.10
0.99,0.02,-0.04,0.10,0.99,-0.05,-0.12,-0.10
0.99,0.02,-0.04,0.10,0.99,-0.05,-0.12,-0.10
0.99,0.02,-0.04,0.10,0.99,-0.05,-0.13,-0.10
0.99,0.02,-0.04,0.10,0.99,-0.05,-0.13,-0.10
0.99,0.02,-0.04,0.10,0.99,-0.05,-0.13,-0.10
0.99,0.02,-0.04,0.10,0.99,-0.05,-0.13,-0.10
0.99,0.02,-0.04,0.10,0.99,-0.05,-0.13,-0.10
0.99,0.02,-0.04,0.10,0.98,-0.06,-0.13,-0.11
0.99,0.02,-0.04,0.10,0.98,-0.06,-0.13,-0.11
0.99,0.02,-0.04,0.10,0.98,-0.06,-0.13,-0.11
0.99,0.02,-0.04,0.10,0.98,-0.06,-0.13,-0.11
0.99,0.02,-0.04,0.10,0.98,-0.06,-0.13,-0.11
0.99,0.02,-0.04,0.10,0.99,-0.05,-0.12,-0.11
0.99,0.02,-0.04,0.10,0.99,-0.05,-0.12,-0.11
0.99,0.02,-0.04,0.10,0.99,-0.05,-0.12,-0.11
0.99,0.02,-0.04,0.10,0.99,-0.05,-0.12,-0.11
0.99,0.02,-0.04,0.10,0.99,-0.05,-0.12,-0.11
0.99,0.02,-0.04,0.10,0.99,-0.05,-0.10,-0.12
0.99,0.02,-0.04,0.10,0.99,-0.05,-0.10,-0.12
0.99,0.02,-0.04,0.10,0.99,-0.05,-0.10,-0.12
0.99,0.02,-0.04,0.10,0.99,-0.05,-0.10,-0.12
0.99,0.02,-0.04,0.10,0.99,-0.05,-0.10,-0.12
0.99,0.02,-0.04,0.10,0.99,-0.04,-0.08,-0.12
0.99,0.02,-0.04,0.10,0.99,-0.04,-0.08,-0.12
0.99,0.02,-0.04,0.10,0.99,-0.04,-0.08,-0.12
0.99,0.02,-0.04,0.10,0.99,-0.04,-0.08,-0.12
0.99,0.02,-0.04,0.10,0.99,-0.04,-0.08,-0.12
0.99,0.02,-0.04,0.10,0.99,-0.03,-0.07,-0.12
0.99,0.02,-0.04,0.10,0.99,-0.03,-0.07,-0.12
0.99,0.02,-0.04,0.10,0.99,-0.03,-0.07,-0.12
0.99,0.02,-0.04,0.10,0.99,-0.03,-0.07,-0.12
0.99,0.02,-0.04,0.10,0.99,-0.03,-0.07,-0.12
0.99,0.02,-0.04,0.10,0.99,-0.03,-0.06,-0.12
0.99,0.02,-0.04,0.10,0.99,-0.03,-0.06,-0.12
0.99,0.02,-0.04,0.10,0.99,-0.03,-0.06,-0.12
0.99,0.02,-0.04,0.10,0.99,-0.03,-0.06,-0.12
0.99,0.02,-0.04,0.10,0.99,-0.03,-0.06,-0.12
0.99,0.02,-0.04,0.10,0.99,-0.03,-0.06,-0.13
0.99,0.02,-0.04,0.10,0.99,-0.03,-0.06,-0.13
0.99,0.02,-0.04,0.10,0.99,-0.03,-0.06,-0.13
0.99,0.02,-0.04,0.10,0.99,-0.03,-0.06,-0.13
0.99,0.02,-0.04,0.10,0.99,-0.02,-0.05,-0.13
0.99,0.02,-0.04,0.10,0.99,-0.02,-0.05,-0.13
0.99,0.02,-0.04,0.10,0.99,-0.02,-0.05,-0.13
0.99,0.02,-0.04,0.10,0.99,-0.02,-0.05,-0.13
0.99,0.02,-0.04,0.10,0.99,-0.02,-0.05,-0.13
0.99,0.02,-0.04,0.10,0.99,-0.02,-0.05,-0.13
0.99,0.02,-0.04,0.10,0.99,-0.02,-0.05,-0.13
0.99,0.02,-0.04,0.10,0.99,-0.02,-0.05,-0.13
0.99,0.02,-0.04,0.10,0.99,-0.02,-0.05,-0.13
0.99,0.02,-0.04,0.10,0.99,-0.02,-0.05,-0.13
0.99,0.02,-0.04,0.10,0.99,-0.02,-0.05,-0.13
0.99,0.02,-0.04,0.10,0.99,-0.02,-0.05,-0.13
0.99,0.02,-0.04,0.10,0.99,-0.02,-0.05,-0.13
0.99,0.02,-0.04,0.10,0.99,-0.02,-0.05,-0.13
0.99,0.02,-0.04,0.10,0.99,-0.02,-0.05,-0.13
0.99,0.02,-0.04,0.10,0.99,-0.02,-0.05,-0.13
0.99,0.02,-0.04,0.10,0.99,-0.02,-0.05,-0.13
0.99,0.02,-0.04,0.10,0.99,-0.02,-0.05,-0.13
0.99,0.02,-0.04,0.10,0.99,-0.02,-0.05,-0.13
0.99,0.02,-0.04,0.10,0.99,-0.02,-0.05,-0.13
0.99,0.02,-0.04,0.10,0.99,-0.02,-0.05,-0.13
0.99,0.02,-0.04,0.10,0.99,-0.02,-0.05,-0.13
0.99,0.02,-0.04,0.10,0.99,-0.02,-0.05,-0.13
0.99,0.02,-0.04,0.10,0.99,-0.02,-0.05,-0.13
0.99,0.02,-0.04,0.10,0.99,-0.02,-0.05,-0.13
0.99,0.02,-0.04,0.10,0.99,-0.02,-0.05,-0.13
0.99,0.02,-0.04,0.10,0.99,-0.02,-0.05,-0.13
0.99,0.02,-0.04,0.10,0.99,-0.02,-0.05,-0.13
0.99,0.02,-0.04,0.10,0.99,-0.02,-0.05,-0.13
0.99,0.02,-0.04,0.10,0.99,-0.02,-0.05,-0.13
0.99,0.02,-0.04,0.10,0.99,-0.01,-0.05,-0.13
0.99,0.02,-0.04,0.10,0.99,-0.01,-0.05,-0.13
0.99,0.02,-0.04,0.10,0.99,-0.01,-0.05,-0.13
0.99,0.02,-0.04,0.10,0.99,-0.01,-0.05,-0.13
0.99,0.02,-0.04,0.10,0.99,-0.01,-0.05,-0.13
0.99,0.02,-0.04,0.10,0.99,-0.01,-0.05,-0.13
0.99,0.02,-0.04,0.10,0.99,-0.01,-0.05,-0.13
0.99,0.02,-0.04,0.10,0.99,-0.01,-0.05,-0.13
0.99,0.02,-0.04,0.10,0.99,-0.01,-0.05,-0.13
0.99,0.02,-0.04,0.10,0.99,-0.01,-0.05,-0.13
0.99,0.02,-0.04,0.10,0.99,-0.01,-0.05,-0.13
0.99,0.02,-0.04,0.10,0.99,-0.01,-0.05,-0.13
0.99,0.02,-0.04,0.10,0.99,-0.01,-0.05,-0.13
0.99,0.02,-0.04,0.10,0.99,-0.01,-0.05,-0.13
0.99,0.02,-0.04,0.10,0.99,-0.01,-0.05,-0.13
0.99,0.02,-0.04,0.10,0.99,-0.01,-0.05,-0.14
0.99,0.02,-0.04,0.10,0.99,-0.01,-0.05,-0.14
0.99,0.02,-0.04,0.10,0.99,-0.01,-0.05,-0.14
0.99,0.02,-0.04,0.10,0.99,-0.01,-0.05,-0.14
0.99,0.02,-0.04,0.10,0.99,-0.01,-0.05,-0.14
0.99,0.02,-0.04,0.10,0.99,-0.01,-0.05,-0.14
0.99,0.02,-0.04,0.10,0.99,-0.01,-0.05,-0.14
0.99,0.02,-0.04,0.10,0.99,-0.01,-0.05,-0.14
0.99,0.02,-0.04,0.10,0.99,-0.01,-0.05,-0.14
0.99,0.02,-0.04,0.10,0.99,-0.01,-0.05,-0.14
0.99,0.02,-0.04,0.10,0.99,-0.00,-0.04,-0.14
0.99,0.02,-0.04,0.10,0.99,-0.00,-0.04,-0.14
0.99,0.02,-0.04,0.10,0.99,-0.00,-0.04,-0.14
0.99,0.02,-0.04,0.10,0.99,-0.00,-0.04,-0.14
0.99,0.02,-0.04,0.10,0.99,-0.00,-0.04,-0.14
0.99,0.02,-0.04,0.10,0.99,0.01,-0.01,-0.14
0.99,0.02,-0.04,0.10,0.99,0.01,-0.01,-0.14
0.99,0.02,-0.04,0.10,0.99,0.01,-0.01,-0.14
0.99,0.02,-0.04,0.10,0.99,0.01,-0.01,-0.14
0.99,0.02,-0.04,0.10,0.99,0.01,-0.01,-0.14
0.99,0.02,-0.04,0.10,0.99,-0.01,0.05,-0.14
0.99,0.02,-0.04,0.10,0.99,-0.01,0.05,-0.14
0.99,0.02,-0.04,0.10,0.99,-0.01,0.05,-0.14
0.99,0.02,-0.04,0.10,0.99,-0.01,0.05,-0.14
0.99,0.02,-0.04,0.10,0.99,-0.01,0.05,-0.14
0.99,0.02,-0.04,0.10,0.98,0.01,0.11,-0.15
0.99,0.02,-0.04,0.10,0.98,0.01,0.11,-0.15
0.99,0.02,-0.04,0.10,0.98,0.01,0.11,-0.15
0.99,0.02,-0.04,0.10,0.98,0.01,0.11,-0.15
0.99,0.02,-0.04,0.10,0.98,0.01,0.11,-0.15
0.99,0.02,-0.04,0.10,0.98,0.02,0.15,-0.14
0.99,0.02,-0.04,0.10,0.98,0.02,0.15,-0.14
0.99,0.02,-0.04,0.10,0.98,0.02,0.15,-0.14
0.99,0.02,-0.04,0.10,0.98,0.02,0.15,-0.14
0.99,0.02,-0.04,0.10,0.98,0.02,0.15,-0.14
0.99,0.02,-0.04,0.10,0.97,0.01,0.17,-0.14
0.99,0.02,-0.04,0.10,0.97,0.01,0.17,-0.14
0.99,0.02,-0.04,0.10,0.97,0.01,0.17,-0.14
0.99,0.02,-0.04,0.10,0.97,0.01,0.17,-0.14
0.99,0.02,-0.04,0.10,0.97,0.01,0.17,-0.14
0.99,0.02,-0.04,0.10,0.97,0.01,0.19,-0.14
0.99,0.02,-0.04,0.10,0.97,0.01,0.19,-0.14
0.99,0.02,-0.04,0.10,0.97,0.01,0.19,-0.14
0.99,0.02,-0.04,0.10,0.97,0.01,0.19,-0.14
0.99,0.02,-0.04,0.10,0.97,0.01,0.19,-0.14
0.99,0.02,-0.04,0.10,0.97,-0.00,0.19,-0.14
0.99,0.02,-0.04,0.10,0.97,-0.00,0.19,-0.14
0.99,0.02,-0.04,0.10,0.97,-0.00,0.19,-0.14
0.99,0.02,-0.04,0.10,0.97,-0.00,0.19,-0.14
0.99,0.02,-0.04,0.10,0.97,-0.00,0.19,-0.14
0.99,0.02,-0.04,0.10,0.97,-0.00,0.19,-0.14
0.99,0.02,-0.04,0.10,0.97,-0.00,0.19,-0.14
0.99,0.02,-0.04,0.10,0.97,-0.00,0.19,-0.14
0.99,0.02,-0.04,0.10,0.97,-0.00,0.19,-0.14
0.99,0.02,-0.04,0.10,0.97,-0.00,0.19,-0.14
0.99,0.02,-0.04,0.10,0.97,0.00,0.20,-0.14
0.99,0.02,-0.04,0.10,0.97,0.00,0.20,-0.14
0.99,0.02,-0.04,0.10,0.97,0.00,0.20,-0.14
0.99,0.02,-0.04,0.10,0.97,0.00,0.20,-0.14
0.99,0.02,-0.04,0.10,0.97,0.00,0.20,-0.14
0.99,0.02,-0.04,0.10,0.97,0.00,0.21,-0.14
0.99,0.02,-0.04,0.10,0.97,0.00,0.21,-0.14
0.99,0.02,-0.04,0.10,0.97,0.00,0.21,-0.14
0.99,0.02,-0.04,0.10,0.97,0.00,0.21,-0.14
0.99,0.02,-0.04,0.10,0.97,0.00,0.21,-0.14
0.99,0.02,-0.04,0.10,0.96,0.00,0.22,-0.14
0.99,0.02,-0.04,0.10,0.96,0.00,0.22,-0.14
0.99,0.02,-0.04,0.10,0.96,0.00,0.22,-0.14
0.99,0.02,-0.04,0.10,0.96,0.00,0.22,-0.14
0.99,0.02,-0.04,0.10,0.96,0.00,0.22,-0.14
0.99,0.02,-0.04,0.10,0.96,0.00,0.23,-0.14
0.99,0.02,-0.04,0.10,0.96,0.00,0.23,-0.14
0.99,0.02,-0.04,0.10,0.96,0.00,0.23,-0.14
0.99,0.02,-0.04,0.10,0.96,0.00,0.23,-0.14
0.99,0.02,-0.04,0.10,0.96,0.00,0.23,-0.14
0.99,0.02,-0.04,0.10,0.96,0.00,0.24,-0.14
0.99,0.02,-0.04,0.10,0.96,0.00,0.24,-0.14
0.99,0.02,-0.04,0.10,0.96,0.00,0.24,-0.14
0.99,0.02,-0.04,0.10,0.96,0.00,0.24,-0.14
0.99,0.02,-0.04,0.10,0.96,0.00,0.24,-0.14
0.99,0.02,-0.04,0.10,0.96,0.00,0.26,-0.14
0.99,0.02,-0.04,0.10,0.96,0.00,0.26,-0.14
0.99,0.02,-0.04,0.10,0.96,0.00,0.26,-0.14
0.99,0.02,-0.04,0.10,0.96,0.00,0.26,-0.14
0.99,0.02,-0.04,0.10,0.96,0.00,0.26,-0.14
0.99,0.02,-0.04,0.10,0.95,0.00,0.27,-0.14
0.99,0.02,-0.04,0.10,0.95,0.00,0.27,-0.14
0.99,0.02,-0.04,0.10,0.95,0.00,0.27,-0.14
0.99,0.02,-0.04,0.10,0.95,0.00,0.27,-0.14
0.99,0.02,-0.04,0.10,0.95,0.00,0.27,-0.14
0.99,0.02,-0.04,0.10,0.95,0.00,0.27,-0.14
0.99,0.02,-0.04,0.10,0.95,0.00,0.27,-0.14
0.99,0.02,-0.04,0.10,0.95,0.00,0.27,-0.14
0.99,0.02,-0.04,0.10,0.95,0.00,0.27,-0.14
0.99,0.02,-0.04,0.10,0.95,0.00,0.27,-0.14
0.99,0.02,-0.04,0.10,0.95,0.00,0.28,-0.14
0.99,0.02,-0.04,0.10,0.95,0.00,0.28,-0.14
0.99,0.02,-0.04,0.10,0.95,0.00,0.28,-0.14
0.99,0.02,-0.04,0.10,0.95,0.00,0.28,-0.14
0.99,0.02,-0.04,0.10,0.95,0.00,0.28,-0.14
0.99,0.02,-0.04,0.10,0.95,0.00,0.29,-0.14
0.99,0.02,-0.04,0.10,0.95,0.00,0.29,-0.14
0.99,0.02,-0.04,0.10,0.95,0.00,0.29,-0.14
0.99,0.02,-0.04,0.10,0.95,0.00,0.29,-0.14
0.99,0.02,-0.04,0.10,0.95,0.00,0.29,-0.14
0.99,0.02,-0.04,0.10,0.94,0.00,0.30,-0.14
0.99,0.02,-0.04,0.10,0.94,0.00,0.30,-0.14
0.99,0.02,-0.04,0.10,0.94,0.00,0.30,-0.14
0.99,0.02,-0.04,0.10,0.94,0.00,0.30,-0.14
0.99,0.02,-0.04,0.10,0.94,0.00,0.30,-0.14
0.99,0.02,-0.04,0.10,0.94,0.01,0.31,-0.14
0.99,0.02,-0.04,0.10,0.94,0.01,0.31,-0.14
0.99,0.02,-0.04,0.10,0.94,0.01,0.31,-0.14
0.99,0.02,-0.04,0.10,0.94,0.01,0.31,-0.14
0.99,0.02,-0.04,0.10,0.94,0.01,0.31,-0.14
0.99,0.02,-0.04,0.10,0.94,0.01,0.32,-0.14
0.99,0.02,-0.04,0.10,0.94,0.01,0.32,-0.14
0.99,0.02,-0.04,0.10,0.94,0.01,0.32,-0.14
0.99,0.02,-0.04,0.10,0.94,0.01,0.32,-0.14
